studlab,treat1,treat2,TE,seTE,n1,n2,rob,type_outcome1,TE2,treat1_2,treat2_2,seTE2,type_outcome2,year_publication,r1,r2,z1,z2,male,sample_size,n21,n22,perc of males,age,year
1,ETA,USK,-0.456,0.134,347.0,209.0,3.0,binary,-0.507,ETA,USK,0.702,binary,2010.0,80.0,76.0,4.0,4.0,613.0,903,347.0,209.0,0.678848283,45,2010.0
2,PBO,USK,-2.32,1.0,31.0,64.0,2.0,binary,2.326,PBO,USK,1.534,binary,2012.0,1.0,21.0,2.0,0.0,126.0,160,31.0,64.0,0.7875,45,2012.0
3,PBO,USK,-3.068,1.0,64.0,128.0,1.0,binary,-0.916,PBO,USK,1.085,binary,2007.0,1.0,43.0,1.0,5.0,222.0,320,64.0,128.0,0.69375,45,2007.0
4,PBO,USK,-3.054,0.449,255.0,255.0,1.0,binary,0.0,PBO,USK,0.996,binary,2008.0,5.0,106.0,2.0,2.0,531.0,766,255.0,255.0,0.693211488,45,2008.0
5,PBO,USK,-4.057,0.578,410.0,409.0,1.0,binary,-0.002,PBO,USK,0.495,binary,2008.0,3.0,173.0,8.0,8.0,840.0,1230,410.0,409.0,0.682926829,47,2008.0
6,PBO,USK,-3.385,1.0,60.0,61.0,1.0,binary,1.626,PBO,USK,1.539,binary,2011.0,1.0,30.0,2.0,0.0,103.0,121,60.0,61.0,0.851239669,41,2011.0
7,PBO,TOFA,-3.537,1.421,50.0,48.0,1.0,binary,-1.139,PBO,TOFA,1.621,binary,2012.0,0.0,16.0,0.0,1.0,125.0,197,50.0,48.0,0.634517766,44.5,2012.0
8,PBO,SECU,-4.29,1.412,59.0,59.0,1.0,binary,-1.099,PBO,SECU,1.14,binary,2014.0,0.0,36.0,1.0,3.0,117.0,177,59.0,59.0,0.661016949,46,2014.0
9,PBO,SECU,-3.89,0.576,248.0,245.0,1.0,binary,-0.418,PBO,SECU,0.639,binary,2014.0,3.0,145.0,4.0,6.0,509.0,738,248.0,245.0,0.689701897,45,2014.0
10,ETA,PBO,2.595,0.457,326.0,326.0,1.0,binary,-0.693,ETA,PBO,0.703,binary,2014.0,67.0,5.0,3.0,6.0,929.0,1306,326.0,326.0,0.711332312,44,2014.0
10,ETA,SECU,-0.957,0.12,326.0,327.0,1.0,binary,-0.285,ETA,SECU,0.76,binary,2014.0,67.0,175.0,3.0,4.0,929.0,1306,326.0,327.0,0.711332312,44,2014.0
10,PBO,SECU,-3.552,0.447,326.0,327.0,1.0,binary,0.409,PBO,SECU,0.641,binary,2014.0,5.0,175.0,6.0,4.0,929.0,1306,326.0,327.0,0.711332312,44,2014.0
11,PBO,SECU,-1.452,0.997,22.0,103.0,3.0,binary,1.138,PBO,SECU,0.882,binary,2013.0,1.0,20.0,2.0,3.0,91.0,125,22.0,103.0,0.728,46,2013.0
12,PBO,SECU,-2.675,0.998,67.0,337.0,1.0,binary,-0.87,PBO,SECU,1.032,binary,2013.0,1.0,73.0,1.0,12.0,306.0,404,67.0,337.0,0.757425743,44,2013.0
15,CICLO,MTX,0.988,0.549,31.0,37.0,3.0,binary,,CICLO,MTX,,binary,2007.0,9.0,4.0,0.0,0.0,55.0,84,31.0,37.0,0.654761905,46.5,2007.0
16,CICLO,MTX,-0.171,0.288,42.0,43.0,3.0,binary,,CICLO,MTX,,binary,2003.0,14.0,17.0,0.0,0.0,57.0,88,42.0,43.0,0.647727273,42.5,2003.0
17,CICLO,MTX,-0.773,0.332,15.0,15.0,3.0,binary,,CICLO,MTX,,binary,2003.0,6.0,13.0,,,25.0,30,15.0,15.0,0.833333333,42.5,2003.0
18,IFX,PBO,3.784,0.995,301.0,77.0,1.0,binary,0.777,IFX,PBO,0.737,binary,2005.0,172.0,1.0,17.0,2.0,268.0,378,301.0,77.0,0.708994709,43,2005.0
19,IFX,PBO,3.064,1.404,35.0,19.0,2.0,binary,-0.611,IFX,PBO,1.385,binary,2010.0,19.0,0.0,1.0,1.0,36.0,54,35.0,19.0,0.666666667,45,2010.0
20,BRODA,PBO,4.06,1.408,40.0,38.0,1.0,binary,-0.051,BRODA,PBO,1.396,binary,2012.0,30.0,0.0,1.0,1.0,127.0,198,40.0,38.0,0.641414141,42.5,2012.0
21,APRE,PBO,3.318,1.006,562.0,282.0,1.0,binary,-0.284,APRE,PBO,0.451,binary,2015.0,55.0,1.0,12.0,8.0,573.0,844,562.0,282.0,0.678909953,46.5,2015.0
22,ADA,PBO,3.622,1.419,43.0,46.0,2.0,binary,0.473,ADA,PBO,0.888,binary,2010.0,17.0,0.0,3.0,2.0,143.0,169,43.0,46.0,0.846153846,45,2010.0
23,ADA,PBO,3.279,1.43,45.0,52.0,1.0,binary,2.089,ADA,PBO,1.498,binary,2006.0,11.0,0.0,3.0,0.0,99.0,148,45.0,52.0,0.668918919,44,2006.0
24,ADA,PBO,2.99,0.332,814.0,398.0,1.0,binary,0.047,ADA,PBO,0.454,binary,2008.0,366.0,9.0,15.0,7.0,803.0,1212,814.0,398.0,0.662541254,44,2008.0
25,ADA,MTX,1.318,0.258,108.0,110.0,1.0,binary,0.711,ADA,MTX,1.217,binary,2007.0,55.0,15.0,2.0,1.0,178.0,271,108.0,110.0,0.656826568,42,2007.0
25,ADA,PBO,1.504,0.396,108.0,53.0,1.0,binary,-0.019,ADA,PBO,1.213,binary,2007.0,55.0,6.0,2.0,1.0,178.0,271,108.0,53.0,0.656826568,42,2007.0
25,MTX,PBO,0.186,0.453,110.0,53.0,1.0,binary,-0.73,MTX,PBO,1.404,binary,2007.0,15.0,6.0,1.0,1.0,178.0,271,110.0,53.0,0.656826568,42,2007.0
26,ETA,PBO,,,,,1.0,binary,,ETA,PBO,,binary,2012.0,15.0,1.0,0.0,0.0,69.0,124,,,0.556451613,40.5,2012.0
29,ETA,PBO,,,57.0,55.0,3.0,binary,-0.036,ETA,PBO,0.982,binary,2003.0,,,2.0,2.0,70.0,112,57.0,55.0,0.625,47.5,2003.0
30,ETA,PBO,3.608,1.008,162.0,166.0,1.0,binary,,ETA,PBO,,binary,2003.0,36.0,1.0,,,439.0,672,162.0,166.0,0.65327381,45,2003.0
31,ETA,PBO,3.658,1.008,194.0,193.0,2.0,binary,,ETA,PBO,,binary,2005.0,39.0,1.0,,,382.0,611,194.0,193.0,0.625204583,45,2005.0
32,ETA,PBO,2.775,0.509,311.0,307.0,1.0,binary,0.68,ETA,PBO,0.703,binary,2006.0,65.0,4.0,6.0,3.0,419.0,620,311.0,307.0,0.675806452,46,2006.0
33,ETA,PBO,1.829,1.022,96.0,46.0,1.0,binary,-1.141,ETA,PBO,0.895,binary,2008.0,13.0,1.0,2.0,3.0,84.0,143,96.0,46.0,0.587412587,45,2008.0
34,MTX,PBO,0.028,0.061,38.0,38.0,3.0,binary,,MTX,PBO,,binary,2014.0,36.0,35.0,,,62.0,120,38.0,38.0,0.516666667,41,2014.0
35,MTX,PBO,0.647,0.294,10.0,10.0,2.0,binary,-1.099,MTX,PBO,1.574,binary,2006.0,10.0,5.0,0.0,1.0,15.0,24,10.0,10.0,0.625,44,2006.0
36,FUM,MTX,-0.732,1.192,26.0,25.0,3.0,binary,,FUM,MTX,,binary,2011.0,1.0,2.0,0.0,0.0,36.0,60,26.0,25.0,0.6,42,2011.0
37,MTX,PBO,0.472,0.108,212.0,204.0,1.0,binary,-0.444,MTX,PBO,0.908,binary,2012.0,125.0,75.0,2.0,3.0,320.0,478,212.0,204.0,0.669456067,44,2012.0
38,MTX,PBO,,,20.0,20.0,3.0,binary,,MTX,PBO,,binary,2010.0,,,,,29.0,40,20.0,20.0,0.725,27,2010.0
39,IXE,PBO,3.273,1.404,115.0,26.0,1.0,binary,-0.794,IXE,PBO,1.205,binary,2012.0,57.0,0.0,2.0,1.0,81.0,142,115.0,26.0,0.570422535,46,2012.0
40,IFX,PBO,,,11.0,11.0,1.0,binary,,IFX,PBO,,binary,2001.0,,,0.0,0.0,23.0,33,11.0,11.0,0.696969697,44,2001.0
41,IFX,PBO,4.544,1.0,314.0,208.0,1.0,binary,0.176,IFX,PBO,0.551,binary,2007.0,142.0,1.0,9.0,5.0,551.0,835,314.0,208.0,0.65988024,44,2007.0
42,IFX,MTX,1.05,0.145,653.0,215.0,3.0,binary,0.881,IFX,MTX,0.428,binary,2011.0,356.0,41.0,44.0,6.0,586.0,868,653.0,215.0,0.675115207,43,2011.0
43,IFX,PBO,3.38,0.994,99.0,51.0,1.0,binary,2.175,IFX,PBO,1.445,binary,2004.0,57.0,1.0,8.0,0.0,174.0,249,99.0,51.0,0.698795181,44,2004.0
44,FUM,PBO,1.977,1.425,22.0,12.0,3.0,binary,,FUM,PBO,,binary,1990.0,6.0,0.0,,,,39,22.0,12.0,#VALUE!,,1990.0
45,ADA,PBO,,,20.0,10.0,2.0,binary,0.94,ADA,PBO,1.502,binary,2013.0,,,2.0,0.0,23.0,30,20.0,10.0,0.766666667,56.5,2013.0
51,MTX,PBO,0.99,1.599,19.0,17.0,3.0,binary,,MTX,PBO,,binary,1963.0,1.0,0.0,0.0,0.0,,41,19.0,17.0,#VALUE!,,1963.0
52,CICLO,MTX,,,5.0,5.0,3.0,binary,,CICLO,MTX,,binary,2003.0,,,,,7.0,10,5.0,5.0,0.7,43,2003.0
53,CERTO,PBO,3.279,1.001,59.0,58.0,1.0,binary,1.592,CERTO,PBO,1.08,binary,2012.0,27.0,1.0,5.0,1.0,123.0,176,59.0,58.0,0.698863636,43,2012.0
55,MTX,PBO,,,20.0,20.0,3.0,binary,,MTX,PBO,,binary,2004.0,,,,,,40,20.0,20.0,#VALUE!,,2004.0
56,IFX,PBO,3.956,1.41,84.0,45.0,3.0,binary,0.48,IFX,PBO,1.623,binary,2012.0,48.0,0.0,1.0,0.0,95.0,129,84.0,45.0,0.736434109,40,2012.0
59,CICLO,PBO,,,81.0,39.0,3.0,binary,1.674,CICLO,PBO,1.464,binary,1997.0,,,5.0,0.0,,127,81.0,39.0,#VALUE!,,1997.0
60,PBO,USK,,,162.0,160.0,2.0,binary,-0.012,PBO,USK,1.41,binary,2013.0,,,1.0,1.0,248.0,322,162.0,160.0,0.770186335,40,2013.0
67,APRE,PBO,1.792,0.729,274.0,137.0,1.0,binary,-0.182,APRE,PBO,0.723,binary,2015.0,24.0,2.0,5.0,3.0,276.0,413,274.0,137.0,0.668280872,45.5,2015.0
69,ETA,PBO,3.541,0.998,335.0,107.0,1.0,binary,0.111,ETA,PBO,0.794,binary,2015.0,108.0,1.0,7.0,2.0,738.0,1106,335.0,107.0,0.667269439,44,2015.0
69,ETA,TOFA,-0.112,0.108,335.0,330.0,1.0,binary,0.321,ETA,TOFA,0.58,binary,2015.0,108.0,119.0,7.0,5.0,738.0,1106,335.0,330.0,0.667269439,44,2015.0
69,PBO,TOFA,-3.653,0.998,107.0,330.0,1.0,binary,0.21,PBO,TOFA,0.829,binary,2015.0,1.0,119.0,2.0,5.0,738.0,1106,107.0,330.0,0.667269439,44,2015.0
70,PBO,TOFA,-1.943,0.314,177.0,360.0,2.0,binary,0.017,PBO,TOFA,0.54,binary,2015.0,10.0,142.0,5.0,10.0,643.0,901,177.0,360.0,0.713651498,46,2015.0
71,PBO,TOFA,-2.009,0.315,196.0,381.0,2.0,binary,-0.252,PBO,TOFA,0.832,binary,2015.0,10.0,145.0,2.0,5.0,648.0,960,196.0,381.0,0.675,45,2015.0
72,ADA,GUSEL,-0.298,0.194,43.0,84.0,3.0,binary,1.763,ADA,GUSEL,1.622,binary,2015.0,19.0,50.0,1.0,0.0,207.0,293,43.0,84.0,0.706484642,47,2015.0
72,ADA,PBO,2.921,1.003,43.0,42.0,3.0,binary,-0.023,ADA,PBO,1.134,binary,2015.0,19.0,1.0,1.0,1.0,207.0,293,43.0,42.0,0.706484642,47,2015.0
72,GUSEL,PBO,3.219,0.992,84.0,42.0,3.0,binary,-1.786,GUSEL,PBO,1.622,binary,2015.0,50.0,1.0,0.0,1.0,207.0,293,84.0,42.0,0.706484642,47,2015.0
73,ETA,IXE,-1.328,0.115,358.0,351.0,1.0,binary,0.45,ETA,IXE,0.565,binary,2015.0,67.0,248.0,8.0,5.0,821.0,1224,358.0,351.0,0.670751634,45,2015.0
73,ETA,PBO,3.448,1.003,358.0,168.0,1.0,binary,0.63,ETA,PBO,0.785,binary,2015.0,67.0,1.0,8.0,2.0,821.0,1224,358.0,168.0,0.670751634,45,2015.0
73,IXE,PBO,4.777,0.998,351.0,168.0,1.0,binary,0.179,IXE,PBO,0.831,binary,2015.0,248.0,1.0,5.0,2.0,821.0,1224,351.0,168.0,0.670751634,45,2015.0
74,ETA,IXE,-0.976,0.094,382.0,385.0,1.0,binary,-0.58,ETA,IXE,0.553,binary,2015.0,98.0,262.0,5.0,9.0,918.0,1346,382.0,385.0,0.682020802,46,2015.0
74,ETA,PBO,2.11,0.411,382.0,193.0,1.0,binary,-0.683,ETA,PBO,0.626,binary,2015.0,98.0,6.0,5.0,5.0,918.0,1346,382.0,193.0,0.682020802,46,2015.0
74,IXE,PBO,3.086,0.403,385.0,193.0,1.0,binary,-0.103,IXE,PBO,0.551,binary,2015.0,262.0,6.0,9.0,5.0,918.0,1346,385.0,193.0,0.682020802,46,2015.0
76,SECU,USK,0.316,0.055,334.0,335.0,1.0,binary,0.003,SECU,USK,0.44,binary,2015.0,264.0,193.0,10.0,10.0,481.0,676,334.0,335.0,0.711538462,45,2015.0
77,PBO,SECU,-4.221,1.413,61.0,60.0,1.0,binary,-0.017,PBO,SECU,1.402,binary,2015.0,0.0,33.0,1.0,1.0,125.0,182,61.0,60.0,0.686813187,45,2015.0
78,BRODA,PBO,4.348,0.705,222.0,220.0,1.0,binary,0.279,BRODA,PBO,0.758,binary,2016.0,156.0,2.0,4.0,3.0,484.0,661,222.0,220.0,0.732223903,46,2016.0
79,BRODA,PBO,3.553,0.988,37.0,38.0,3.0,binary,0.027,BRODA,PBO,1.395,binary,2015.0,34.0,1.0,1.0,1.0,120.0,151,37.0,38.0,0.794701987,45,2015.0
80,BRODA,PBO,3.078,0.312,612.0,309.0,2.0,binary,-0.566,BRODA,PBO,0.481,binary,2015.0,430.0,10.0,9.0,8.0,1258.0,1831,612.0,309.0,0.687056253,45,2015.0
80,BRODA,USK,0.402,0.067,612.0,300.0,2.0,binary,0.098,BRODA,USK,0.597,binary,2015.0,430.0,141.0,9.0,4.0,1258.0,1831,612.0,300.0,0.687056253,45,2015.0
80,PBO,USK,-2.676,0.317,309.0,300.0,2.0,binary,0.664,PBO,USK,0.607,binary,2015.0,10.0,141.0,8.0,4.0,1258.0,1831,309.0,300.0,0.687056253,45,2015.0
81,BRODA,PBO,3.768,0.444,624.0,315.0,2.0,binary,0.415,BRODA,PBO,0.663,binary,2015.0,429.0,5.0,9.0,3.0,1288.0,1881,624.0,315.0,0.684742158,45,2015.0
81,BRODA,USK,0.368,0.065,624.0,313.0,2.0,binary,0.814,BRODA,USK,0.779,binary,2015.0,429.0,149.0,9.0,2.0,1288.0,1881,624.0,313.0,0.684742158,45,2015.0
81,PBO,USK,-3.401,0.448,315.0,313.0,2.0,binary,0.399,PBO,USK,0.909,binary,2015.0,5.0,149.0,3.0,2.0,1288.0,1881,315.0,313.0,0.684742158,45,2015.0
82,PBO,TILDRA,-2.844,0.998,45.0,89.0,2.0,binary,-0.422,PBO,TILDRA,1.623,binary,2016.0,1.0,34.0,0.0,1.0,270.0,355,45.0,89.0,0.76056338,45,2016.0
83,ETA,IFX,-2.219,1.008,23.0,25.0,3.0,binary,0.083,ETA,IFX,1.384,binary,2016.0,1.0,10.0,1.0,1.0,31.0,48,23.0,25.0,0.645833333,44,2016.0
84,ADA,PBO,,,,,1.0,binary,,ADA,PBO,,binary,2016.0,188.0,3.0,4.0,3.0,312.0,425,,,0.734117647,43,2016.0
85,PBO,SECU,-2.357,1.384,10.0,84.0,1.0,binary,-0.623,PBO,SECU,1.423,binary,2015.0,0.0,42.0,0.0,7.0,,100,10.0,84.0,#VALUE!,,2015.0
88,ETA,PBO,2.767,1.004,141.0,68.0,1.0,binary,-0.729,ETA,PBO,1.406,binary,2011.0,33.0,1.0,1.0,1.0,145.0,209,141.0,68.0,0.693779904,43.5,2011.0
89,ETA,PBO,1.539,0.591,139.0,72.0,1.0,binary,-1.351,ETA,PBO,1.216,binary,2011.0,27.0,3.0,1.0,2.0,131.0,211,139.0,72.0,0.620853081,45,2011.0
91,IXE,PBO,5.029,0.706,433.0,431.0,1.0,binary,0.178,IXE,PBO,0.602,binary,2016.0,307.0,2.0,6.0,5.0,883.0,1296,433.0,431.0,0.68132716,46,2016.0
92,MTX,PBO,2.365,1.42,91.0,29.0,1.0,binary,-2.53,MTX,PBO,1.098,binary,2016.0,16.0,0.0,1.0,4.0,100.0,120,91.0,29.0,0.833333333,45,2016.0
93,FUM,PBO,1.492,0.408,540.0,131.0,3.0,binary,-0.193,FUM,PBO,0.499,binary,2016.0,110.0,6.0,17.0,5.0,452.0,704,540.0,131.0,0.642045455,44.5,2016.0
94,FUM,PBO,,,18.0,15.0,2.0,binary,-0.182,FUM,PBO,1.37,binary,2016.0,,,1.0,1.0,,33,18.0,15.0,#VALUE!,,2016.0
96,PBO,TOFA,,,3.0,8.0,1.0,binary,1.986,PBO,TOFA,1.504,binary,2016.0,,,1.0,0.0,8.0,12,3.0,8.0,0.666666667,45.5,2016.0
97,APRE,PBO,2.303,1.038,88.0,88.0,1.0,binary,0.693,APRE,PBO,0.853,binary,2012.0,10.0,1.0,4.0,2.0,221.0,352,88.0,88.0,0.627840909,44,2012.0
98,APRE,PBO,,,173.0,87.0,3.0,binary,-1.381,APRE,PBO,0.856,binary,2013.0,,,2.0,4.0,163.0,260,173.0,87.0,0.626923077,46,2013.0
99,APRE,ETA,-0.348,0.344,83.0,83.0,2.0,binary,0.336,APRE,ETA,0.813,binary,2016.0,12.0,17.0,3.0,2.0,157.0,250,83.0,83.0,0.628,45,2016.0
99,APRE,PBO,1.398,0.627,83.0,84.0,2.0,binary,1.958,APRE,PBO,1.504,binary,2016.0,12.0,3.0,3.0,0.0,157.0,250,83.0,84.0,0.628,45,2016.0
99,ETA,PBO,1.747,0.607,83.0,84.0,2.0,binary,1.621,ETA,PBO,1.541,binary,2016.0,17.0,3.0,2.0,0.0,157.0,250,83.0,84.0,0.628,45,2016.0
100,ADA,GUSEL,-0.388,0.064,334.0,329.0,1.0,binary,-0.303,ADA,GUSEL,0.534,binary,2016.0,166.0,241.0,6.0,8.0,608.0,837,334.0,329.0,0.726403823,44,2016.0
100,ADA,PBO,2.85,0.444,334.0,174.0,1.0,binary,0.041,ADA,PBO,0.701,binary,2016.0,166.0,5.0,6.0,3.0,608.0,837,334.0,174.0,0.726403823,44,2016.0
100,GUSEL,PBO,3.238,0.442,329.0,174.0,1.0,binary,0.344,GUSEL,PBO,0.67,binary,2016.0,241.0,5.0,8.0,3.0,608.0,837,329.0,174.0,0.726403823,44,2016.0
101,ADA,GUSEL,-0.403,0.074,248.0,496.0,1.0,binary,0.405,ADA,GUSEL,0.534,binary,2016.0,116.0,347.0,6.0,8.0,692.0,992,248.0,496.0,0.697580645,44,2016.0
101,ADA,PBO,2.962,0.409,248.0,248.0,1.0,binary,0.693,ADA,PBO,0.701,binary,2016.0,116.0,6.0,6.0,3.0,692.0,992,248.0,248.0,0.697580645,44,2016.0
101,GUSEL,PBO,3.364,0.404,496.0,248.0,1.0,binary,0.288,GUSEL,PBO,0.673,binary,2016.0,347.0,6.0,8.0,3.0,692.0,992,496.0,248.0,0.697580645,44,2016.0
103,SECU,USK,0.346,0.046,550.0,552.0,1.0,binary,0.445,SECU,USK,0.423,binary,2018.0,421.0,299.0,14.0,9.0,732.0,1102,550.0,552.0,0.664246824,45,2018.0
105,ADA,PBO,1.894,0.378,7.0,6.0,,binary,0.459,ADA,PBO,0.551,binary,2017.0,,,0.0,0.0,93.0,150,7.0,6.0,0.62,51,2017.0
107,PBO,RISAN,-2.709,0.437,94.0,93.0,1.0,binary,0.268,PBO,RISAN,0.68,binary,2018.0,47.0,7.0,8.0,5.0,183.0,217,94.0,93.0,0.843317972,47,2018.0
107,PBO,USK,-2.118,0.451,98.0,299.0,1.0,binary,-0.971,PBO,USK,0.662,binary,2018.0,5.0,229.0,3.0,7.0,361.0,506,98.0,299.0,0.713438735,48,2018.0
107,RISAN,USK,0.591,0.121,98.0,99.0,1.0,binary,-1.239,RISAN,USK,0.504,binary,2018.0,5.0,42.0,3.0,8.0,361.0,506,98.0,99.0,0.713438735,48,2018.0
108,PBO,RISAN,-3.567,0.7,299.0,99.0,1.0,binary,-0.658,PBO,RISAN,1.074,binary,2018.0,229.0,42.0,7.0,8.0,361.0,506,299.0,99.0,0.713438735,48,2018.0
108,PBO,USK,-3.136,0.707,94.0,292.0,1.0,binary,-1.078,PBO,USK,1.146,binary,2018.0,2.0,220.0,1.0,6.0,336.0,491,94.0,292.0,0.684317719,47,2018.0
108,RISAN,USK,0.431,0.109,94.0,96.0,1.0,binary,-0.419,RISAN,USK,0.697,binary,2018.0,2.0,47.0,1.0,3.0,336.0,491,94.0,96.0,0.684317719,47,2018.0
109,CERTO,PBO,3.092,0.998,292.0,96.0,1.0,binary,1.064,CERTO,PBO,1.081,binary,2018.0,220.0,47.0,6.0,3.0,336.0,491,292.0,96.0,0.684317719,47,2018.0
110,CERTO,PBO,2.604,0.699,88.0,51.0,1.0,binary,1.628,CERTO,PBO,1.48,binary,2018.0,38.0,1.0,5.0,1.0,162.0,234,88.0,51.0,0.692307692,46,2018.0
112,PBO,TOFA,,,87.0,49.0,3.0,binary,,PBO,TOFA,,binary,2018.0,48.0,2.0,4.0,0.0,127.0,227,87.0,49.0,0.559471366,45,2018.0
115,ADA,PBO,-2.152,0.432,32.0,30.0,2.0,binary,1.546,ADA,PBO,1.529,binary,2018.0,,,2.0,0.0,67.0,96,32.0,30.0,0.697916667,43,2018.0
121,GUSEL,PBO,-1.796,0.334,62.0,16.0,1.0,binary,0.278,GUSEL,PBO,1.524,binary,2019.0,47.0,0.0,2.0,0.0,53.0,78,62.0,16.0,0.679487179,46,2019.0
124,APRE,PBO,4.504,1.411,85.0,84.0,1.0,binary,,APRE,PBO,,binary,2017.0,12.0,1.0,0.0,0.0,202.0,254,85.0,84.0,0.795275591,50.5,2017.0
125,GUSEL,PBO,4.062,1.407,63.0,64.0,2.0,binary,-0.677,GUSEL,PBO,1.212,binary,2018.0,44.0,0.0,1.0,2.0,145.0,192,63.0,64.0,0.755208333,49,2018.0
127,BIME,PBO,0.418,0.202,208.0,42.0,1.0,binary,-1.6,BIME,PBO,1.404,binary,2018.0,142.0,0.0,1.0,1.0,163.0,250,208.0,42.0,0.652,44,2018.0
128,RISAN,USK,-2.638,0.994,122.0,38.0,3.0,binary,0.133,RISAN,USK,0.624,binary,2017.0,78.0,16.0,11.0,3.0,109.0,166,122.0,38.0,0.656626506,46,2017.0
129,PBO,TYK2,-3.856,0.995,45.0,222.0,1.0,binary,0.497,PBO,TYK2,1.143,binary,2018.0,1.0,69.0,1.0,3.0,194.0,267,45.0,222.0,0.72659176,45,2018.0
130,PBO,SECU,0.564,0.104,65.0,66.0,1.0,binary,0.015,PBO,SECU,0.985,binary,2018.0,1.0,48.0,2.0,2.0,160.0,198,65.0,66.0,0.808080808,44,2018.0
131,IXE,USK,-2.59,0.5,132.0,164.0,1.0,binary,1.826,IXE,USK,1.545,binary,2017.0,99.0,70.0,2.0,0.0,202.0,302,132.0,164.0,0.668874172,43,2017.0
132,PBO,TILDRA,2.815,0.711,154.0,309.0,1.0,binary,-0.913,PBO,TILDRA,1.091,binary,2017.0,4.0,107.0,1.0,5.0,533.0,772,154.0,309.0,0.690414508,47,2017.0
133,ETA,PBO,-0.594,0.13,313.0,156.0,1.0,binary,-0.137,ETA,PBO,0.619,binary,2017.0,67.0,2.0,7.0,4.0,554.0,1090,313.0,156.0,0.508256881,45,2017.0
133,ETA,TILDRA,-3.409,0.706,313.0,307.0,1.0,binary,0.54,ETA,TILDRA,0.622,binary,2017.0,67.0,119.0,7.0,4.0,554.0,1090,313.0,307.0,0.508256881,45,2017.0
133,PBO,TILDRA,-2.097,0.345,156.0,307.0,1.0,binary,0.677,PBO,TILDRA,0.7,binary,2017.0,2.0,119.0,4.0,4.0,554.0,1090,156.0,307.0,0.508256881,45,2017.0
134,FUM,SECU,-2.868,0.574,95.0,105.0,3.0,binary,0.1,FUM,SECU,0.693,binary,2017.0,8.0,72.0,4.0,4.0,124.0,202,95.0,105.0,0.613861386,43,2017.0
135,PBO,TOFA,0.23,0.165,88.0,90.0,2.0,binary,,PBO,TOFA,,binary,2017.0,3.0,54.0,0.0,0.0,194.0,266,88.0,90.0,0.729323308,41,2017.0
136,CERTO,ETA,3.676,1.412,167.0,170.0,2.0,binary,1.404,CERTO,ETA,1.113,binary,2018.0,57.0,46.0,4.0,1.0,381.0,559,167.0,170.0,0.68157424,46,2018.0
136,CERTO,PBO,3.446,1.414,167.0,57.0,2.0,binary,-1.298,CERTO,PBO,0.653,binary,2018.0,57.0,0.0,4.0,5.0,381.0,559,167.0,57.0,0.68157424,46,2018.0
136,ETA,PBO,,,170.0,57.0,2.0,binary,-2.702,ETA,PBO,1.085,binary,2018.0,46.0,0.0,1.0,5.0,381.0,559,170.0,57.0,0.68157424,46,2018.0
138,ADA,RISAN,-3.6,0.701,304.0,301.0,1.0,binary,-0.115,ADA,RISAN,0.452,binary,2019.0,144.0,218.0,9.0,10.0,422.0,605,304.0,301.0,0.697520661,46,2019.0
139,PBO,RISAN,-0.405,0.38,100.0,407.0,1.0,binary,1.404,PBO,RISAN,0.487,binary,2019.0,2.0,298.0,8.0,8.0,356.0,507,100.0,407.0,0.702169625,49,2019.0
141,ETA,MTX,-4.028,1.413,15.0,15.0,3.0,binary,,ETA,MTX,,binary,2019.0,6.0,9.0,0.0,0.0,20.0,30,15.0,15.0,0.666666667,52,2019.0
143,PBO,SECU,3.996,1.41,49.0,48.0,3.0,binary,0.673,PBO,SECU,1.208,binary,2020.0,0.0,27.0,2.0,1.0,102.0,151,49.0,48.0,0.675496689,45.2,2020.0
144,MIRI,PBO,-2.801,1.418,153.0,52.0,1.0,binary,-0.386,MIRI,PBO,1.214,binary,2019.0,79.0,0.0,2.0,1.0,152.0,205,153.0,52.0,0.741463415,47,2019.0
145,PBO,USK,0.415,0.092,19.0,22.0,2.0,binary,,PBO,USK,,binary,2020.0,0.0,9.0,0.0,0.0,30.0,43,19.0,22.0,0.697674419,42.5,2020.0
146,MTX,PBO,-4.212,1.409,226.0,229.0,3.0,binary,-0.68,MTX,PBO,0.701,binary,2020.0,145.0,97.0,3.0,6.0,355.0,466,226.0,229.0,0.761802575,43,2020.0
147,PBO,SECU,-3.885,0.995,45.0,46.0,1.0,binary,-1.588,PBO,SECU,1.535,binary,2020.0,0.0,34.0,0.0,2.0,61.0,91,45.0,46.0,0.67032967,47.5,2020.0
148,PBO,SECU,3.692,1.403,71.0,143.0,1.0,binary,1.393,PBO,SECU,1.216,binary,2020.0,1.0,98.0,2.0,1.0,133.0,214,71.0,143.0,0.621495327,.,2020.0
149,CERTO,PBO,-3.953,0.703,53.0,26.0,1.0,binary,,CERTO,PBO,,binary,2020.0,40.0,0.0,,1.0,99.0,127,53.0,26.0,0.779527559,50,2020.0
150,PBO,SECU,-0.096,0.038,135.0,272.0,1.0,binary,-0.804,PBO,SECU,0.775,binary,2020.0,2.0,210.0,2.0,9.0,412.0,543,135.0,272.0,0.758747698,40.5,2020.0
151,GUSEL,SECU,-2.12,0.392,534.0,514.0,1.0,binary,,GUSEL,SECU,,binary,2019.0,369.0,391.0,,,707.0,1048,534.0,514.0,0.674618321,46,2019.0
152,FUM,RISAN,1.099,0.197,60.0,60.0,2.0,binary,0.693,FUM,RISAN,1.211,binary,2020.0,6.0,50.0,2.0,1.0,71.0,120,60.0,60.0,0.591666667,42.5,2020.0
153,BRODA,FUM,,,105.0,105.0,3.0,binary,1.099,BRODA,FUM,1.146,binary,2020.0,69.0,23.0,3.0,1.0,145.0,210,105.0,105.0,0.69047619,.,2020.0
154,APRE,PBO,-0.257,0.048,201.0,102.0,1.0,binary,0.015,APRE,PBO,1.219,binary,2020.0,,,2.0,1.0,187.0,303,201.0,102.0,0.617161716,47,2020.0
155,GUSEL,IXE,-3.429,1.407,507.0,520.0,1.0,binary,-0.182,GUSEL,IXE,0.368,binary,2020.0,285.0,378.0,13.0,16.0,652.0,1027,507.0,520.0,0.634858812,49,2020.0
156,PBO,SECU,0.117,0.073,28.0,54.0,1.0,binary,,PBO,SECU,,binary,2020.0,0.0,29.0,,,52.0,102,28.0,54.0,0.509803922,44.5,2020.0
157,RISAN,SECU,2.285,0.367,164.0,163.0,2.0,binary,0.399,RISAN,SECU,0.515,binary,2020.0,121.0,107.0,9.0,6.0,213.0,327,164.0,163.0,0.651376147,47,2020.0
158,MIRI,PBO,,,423.0,107.0,1.0,,-0.458,MIRI,PBO,0.83,binary,2020.0,272.0,7.0,5.0,2.0,373.0,530,423.0,107.0,0.703773585,46.5,2020.0
