,Treatment,RR,CI_lower,CI_upper,WEIGHT,tau2,Reference
0,ADA,1.6282243345,1.4283553184,1.856060918,14.9656705479,0,ETA
1,APRE,0.7216820998,0.42273045940000004,1.2320499782,3.6645790389,0,ETA
2,BIME,2.8415797099,2.5045017663999998,3.224024577,15.5222548583,0,ETA
3,BRODA,2.262709904,1.9607846059,2.6111262267,13.6853861462,0,ETA
4,CERTO,1.2465057108,0.9458015569,1.6428144738000001,7.0997332985,0,ETA
5,CICLO,0.6581692425,0.1223841682,3.5395652744,1.1650736441,0,ETA
6,DEUCRAVA,1.3135603351,0.18569331560000002,9.2918840303,1.0018400784,0,ETA
7,FUM,0.4088719361,0.1843746788,0.9067202786,2.4609759298,0,ETA
8,GUSEL,2.262972938,2.0148066118,2.5417062303,16.8738314592,0,ETA
9,IFX,4.7053953914,1.9387661789,11.4200185817,2.2105478593,0,ETA
10,IXE,2.8343642619000002,2.5448240868000003,3.1568471906,18.1892188534,0,ETA
11,MTX,0.6518127793,0.1310362457,3.2423082418,1.2217292757,0,ETA
12,NETA,0.42153631140000003,0.1900434974,0.9350115328,2.4602934312,0,ETA
13,PBO,0.09391639110000001,0.07833726220000001,0.1125937807,10.8059502032,0,ETA
14,RISAN,2.6987904099,2.3518240552,3.0969449695,14.2428967791,0,ETA
15,SECU,2.4654058205,2.2016115383,2.7608075967,17.3195645584,0,ETA
16,SONELO,2.3862400845,1.8552589445,3.0691897525,7.7872132311,0,ETA
17,TILDRA,1.7428734069,1.3909227584,2.1838795103,8.6891852988,0,ETA
18,USK,1.7745139283,1.583382237,1.9887173218,17.1985151288,0,ETA
19,ADA,0.9175607520000001,0.8366529011,1.0062927321,21.2329170609,0,USK
20,APRE,0.4066928348,0.2370712868,0.6976764841,3.6316653074,0,USK
21,BIME,1.6013284904,1.481574992,1.7307614855,25.2161754767,0,USK
22,BRODA,1.2751153248,1.16734741,1.3928322257999999,22.1963965505,0,USK
23,CERTO,0.7024490994,0.5226260875000001,0.9441448657,6.6281899866,0,USK
24,CICLO,0.370901142,0.0690701269,1.991709924,1.1661021874,0,USK
25,DEUCRAVA,0.7402367004,0.1047781998,5.2296219399,1.0024938225,0,USK
26,ETA,0.5635346018,0.5028366722000001,0.6315594407,17.1985151288,0,USK
27,FUM,0.2304134837,0.10422818290000001,0.5093667758,2.4707141954000003,0,USK
28,GUSEL,1.2752635535,1.1816770233,1.3762619556,25.7156325367,0,USK
29,IFX,2.6516531183,1.0934676795,6.430244251,2.2126160069,0,USK
30,IXE,1.5972623357,1.4623422362,1.74463057,22.2092034122,0,USK
31,MTX,0.367319055,0.0739584536,1.8243119156,1.2229154396,0,USK
32,NETA,0.2375502974,0.10743270840000001,0.5252603667,2.4700235649,0,USK
33,PBO,0.0529251361,0.0447825577,0.062548237,11.7323354535,0,USK
34,RISAN,1.520861779,1.3849166694,1.6701514264,20.9318601999,0,USK
35,SECU,1.3893414874,1.3126359736,1.4705293832000002,34.511553204,0,USK
36,SONELO,1.3447288558000001,1.0663696950000001,1.69574933,8.4507408859,0,USK
37,TILDRA,0.9821694714,0.765255094,1.2605690287,7.8539915147,0,USK
38,ADA,17.3369559384,14.5696104817,20.6299297835,11.2706820575,0,PBO
39,APRE,7.6843039998,4.4826106301,13.1727988074,3.6365377031,0,PBO
40,BIME,30.2564832016,25.4356873736,35.9909587771,11.2931016462,0,PBO
41,BRODA,24.0928114598,20.0468539304,28.9553446168,10.6613701509,0,PBO
42,CERTO,13.2725043632,9.6336368488,18.2858638784,6.116709155,0,PBO
43,CICLO,7.0080337916,1.3159604092000001,37.3206802279,1.1719050633,0,PBO
44,DEUCRAVA,13.9864864866,1.9939504093,98.1076577056,1.0061736912,0,PBO
45,ETA,10.6477685971,8.881485229,12.7653171936,10.8059502032,0,PBO
46,FUM,4.3535737612,2.0046995691,9.454586007,2.5273923769,0,PBO
47,GUSEL,24.0956121853,20.3549978658,28.5236348543,11.6180313871,0,PBO
48,IFX,50.1019612854,20.8793268396,120.2244949721,2.2392306471,0,PBO
49,IXE,30.1796547806,25.3640447815,35.9095550619,11.2750335311,0,PBO
50,MTX,6.9403516427,1.4096699348000001,34.1700420319,1.2296134682,0,PBO
51,NETA,4.4884210992,2.0663241233,9.7496436965,2.5266531329,0,PBO
52,RISAN,28.7360957772,24.02105147,34.3766467319,10.9360698495,0,PBO
53,SECU,26.2510706751,22.2451386573,30.9783958736,11.8369440376,0,PBO
54,SONELO,25.4081322368,19.2265849594,33.5771113343,7.0307511252,0,PBO
55,TILDRA,18.5577127307,14.0367245291,24.5348336844,7.0198459182,0,PBO
56,USK,18.8946136809,15.9876608625,22.3301225377,11.7323354535,0,PBO
57,ADA,0.660428527,0.6078210658000001,0.7175892114,23.6120770975,0,SECU
58,APRE,0.292723451,0.1706855595,0.5020168022,3.6336314717000002,0,SECU
59,BIME,1.1525809205,1.081970006,1.2278000045,31.0027259483,0,SECU
60,BRODA,0.9177839547000001,0.8268139625,1.0187628967,18.777129055,0,SECU
61,CERTO,0.5055985917,0.3763026682,0.6793200195,6.6362107682,0,SECU
62,CICLO,0.2669618271,0.0497215546,1.4333545616,1.1662035556,0,SECU
63,DEUCRAVA,0.5327968013000001,0.07542520080000001,3.7636284468000003,1.0025582279,0,SECU
64,ETA,0.4056127359,0.3622128544,0.4542127358,17.3195645584,0,SECU
65,FUM,0.1658436646,0.0750430745,0.36651111750000004,2.4716788178,0,SECU
66,GUSEL,0.9178906447,0.8627909611000001,0.9765091123,31.6609963709,0,SECU
67,IFX,1.9085682982,0.7872314835,4.6271433818,2.2132229900000002,0,SECU
68,IXE,1.1496542428,1.0550888606,1.2526953202,22.8341762481,0,SECU
69,MTX,0.2643835647,0.0532408964,1.3128755146,1.2230323591,0,SECU
70,NETA,0.1709804966,0.0773502887,0.3779472666,2.4709873782000003,0,SECU
71,PBO,0.0380936843,0.0322805611,0.044953642,11.8369440376,0,SECU
72,RISAN,1.0946637618,1.0004647371,1.1977321209,21.7819840768,0,SECU
73,SONELO,0.9678893692,0.7729503603000001,1.2119922303,8.7148696131,0,SECU
74,TILDRA,0.7069316509,0.5510343600000001,0.9069350214,7.867163116,0,SECU
75,USK,0.7197654494,0.6800272143,0.7618258376,34.511553204,0,SECU
76,ADA,2.4979938814000002,0.5025967728,12.4154665726,1.2223604369,0,MTX
77,APRE,1.1071923147,0.2058052279,5.9564804754,1.1648276134,0,MTX
78,BIME,4.3595029127,0.8771655016000001,21.6666816152,1.2223889534,0,MTX
79,BRODA,3.4714107729,0.6976747285,17.2726519419,1.2215161109000001,0,MTX
80,CERTO,1.9123677079,0.3762342151,9.720408467,1.2054969216,0,MTX
81,CICLO,1.0097519769,0.6085640561,1.6754178047,3.8707804216,0,MTX
82,DEUCRAVA,2.0152417639,0.1626282383,24.9722890079,0.7786962685000001,0,MTX
83,ETA,1.5341828693,0.30842224900000004,7.6314762759,1.2217292757,0,MTX
84,FUM,0.6272843201,0.1245894716,3.1582573793,1.2125893051,0,MTX
85,GUSEL,3.4718143152,0.6989177772,17.2459408416,1.2227840955,0,MTX
86,IFX,7.2189370027,1.17139824,44.4879031481,1.077805693,0,MTX
87,IXE,4.3484330959,0.8749118091,21.6123158846,1.2223659849,0,MTX
88,NETA,0.6467137878,0.1098560351,3.8071529056,1.1056373965,0,MTX
89,PBO,0.1440849184,0.0292654015,0.7093859174,1.2296134682,0,MTX
90,RISAN,4.1404380148,0.8325689355,20.590759783,1.2219140271,0,MTX
91,SECU,3.7823833757000003,0.7616868384000001,18.7825537727,1.2230323591,0,MTX
92,SONELO,3.6609286596,0.7258049152,18.4655661201,1.2112291875,0,MTX
93,TILDRA,2.6738865242000003,0.5300772742000001,13.4879752302,1.2111733033,0,MTX
94,USK,2.7224288701,0.5481518766,13.5211047695,1.2229154396,0,MTX
95,ADA,2.4738687703,0.4603703859,13.2937019426,1.1656209688,0,CICLO
96,APRE,1.096499279,0.18917787400000002,6.355450789,1.1154170983,0,CICLO
97,BIME,4.3173997303,0.8034677919000001,23.1993623369,1.1656456956,0,CICLO
98,BRODA,3.4378846016,0.6390914449,18.493520181,1.1648887764,0,CICLO
99,CERTO,1.893898454,0.3449787399,10.3973113092,1.1509710755,0,CICLO
100,DEUCRAVA,1.9957789735,0.1531372407,26.0102225545,0.7634018311,0,CICLO
101,ETA,1.5193660467,0.2825205703,8.1709915186,1.1650736441,0,CICLO
102,FUM,0.6212261371000001,0.11418986440000001,3.3796512116,1.1571391236,0,CICLO
103,GUSEL,3.4382842466,0.6401806861,18.466346795,1.16598831,0,CICLO
104,IFX,7.149217994,1.0825425409,47.2141426249,1.0383058026,0,CICLO
105,IXE,4.3064368235,0.8014045711000001,23.1411184617,1.1656257795,0,CICLO
106,MTX,0.9903422057000001,0.5968660457,1.6432123948,3.8707804217,0,CICLO
107,NETA,0.6404679590000001,0.1013486522,4.0474066274,1.0631185867,0,CICLO
108,PBO,0.1426933759,0.0267947956,0.7599012805,1.1719050633,0,CICLO
109,RISAN,4.100450516,0.7626401954,22.0466932315,1.1652338631,0,CICLO
110,SECU,3.7458538950999998,0.6976640859000001,20.1120018743,1.1662035556,0,CICLO
111,SONELO,3.6255721637000002,0.6652764144000001,19.7583639363,1.1559570153,0,CICLO
112,TILDRA,2.6480626781,0.48587313540000004,14.4322363939,1.1559084375,0,CICLO
113,USK,2.6961362121,0.5020811454,14.4780391384,1.1661021874,0,CICLO
114,ADA,0.34603347840000004,0.1424780796,0.8404041413000001,2.2088305785,0,IFX
115,APRE,0.1533733172,0.0550645098,0.4271966553,1.9133720283,0,IFX
116,BIME,0.6038981793,0.24869964860000002,1.466399382,2.2092979081,0,IFX
117,BRODA,0.4808756153,0.19760728930000002,1.1702066162,2.2039138287,0,IFX
118,CERTO,0.2649098762,0.10495566640000001,0.6686370058000001,2.1169698369,0,IFX
119,CICLO,0.1398754382,0.021180094400000002,0.9237512266000001,1.0383058026,0,IFX
120,DEUCRAVA,0.2791604585,0.0329896786,2.3622710174,0.9177783048,0,IFX
121,ETA,0.21252199160000002,0.0875655318,0.5157919562000001,2.2105478593,0,IFX
122,FUM,0.08689427820000001,0.026984611000000002,0.27981191110000003,1.6760367309,0,IFX
123,GUSEL,0.48093151580000004,0.1982620025,1.1666134712,2.2118513965,0,IFX
124,IXE,0.602364738,0.24817598130000001,1.4620402655,2.2103807902,0,IFX
125,MTX,0.13852455,0.0224780205,0.8536806407,1.077805693,0,IFX
126,NETA,0.0895857364,0.0278162447,0.28852220170000004,1.675821092,0,IFX
127,PBO,0.0199592985,0.0083177725,0.047894264400000004,2.2392306471,0,IFX
128,RISAN,0.5735523129,0.2359108603,1.3944345554,2.206225521,0,IFX
129,SECU,0.5239529552000001,0.2161160607,1.2702743994999999,2.2132229900000002,0,IFX
130,SONELO,0.5071284953,0.2034041701,1.2643758021,2.1454308112,0,IFX
131,TILDRA,0.37039892760000004,0.14874633240000001,0.922344527,2.1483260896,0,IFX
132,USK,0.3771232342,0.15551508790000002,0.9145217721000001,2.2126160069,0,IFX
133,ADA,0.7195904043,0.6338229004,0.8169637759,15.4437004215,0,BRODA
134,APRE,0.3189459235,0.18475780490000002,0.5505938012,3.5899029334,0,BRODA
135,BIME,1.2558303232,1.117077071,1.4118182545,16.7404828074,0,BRODA
136,CERTO,0.5508906416,0.4048958213,0.7495273673,6.3655684772,0,BRODA
137,CICLO,0.2908765464,0.0540729937,1.5647213055,1.1648887764,0,BRODA
138,DEUCRAVA,0.5805252953,0.0820479412,4.1074719679,1.0017225283,0,BRODA
139,ETA,0.4419479485,0.3829765064,0.509999924,13.6853861462,0,BRODA
140,FUM,0.18070011330000002,0.08143808450000001,0.4009491526,2.4592350638,0,BRODA
141,GUSEL,1.0001162474,0.8906909011,1.1229849851,16.9149153886,0,BRODA
142,IFX,2.0795398399,0.8545499454000001,5.0605420651,2.2039138287,0,BRODA
143,IXE,1.2526414707,1.106458408,1.4181379460999999,15.7949611236,0,BRODA
144,MTX,0.2880673206,0.057894989300000005,1.4333326967,1.2215161109000001,0,BRODA
145,NETA,0.18629710800000002,0.08394200830000001,0.4134594009,2.4585540122,0,BRODA
146,PBO,0.0415061564,0.0345359385,0.0498831389,10.6613701509,0,BRODA
147,RISAN,1.192724885,1.0493185853,1.3557299672,15.3006035862,0,BRODA
148,SECU,1.0895810445,0.9815826658000001,1.2094619168,18.777129055,0,BRODA
149,SONELO,1.0545939099,0.8230463839000001,1.3512826695,7.9064619198,0,BRODA
150,TILDRA,0.7702593266000001,0.5915828175,1.0029017284,7.4263364383,0,BRODA
151,USK,0.7842427901,0.7179615617,0.8566430108,22.1963965505,0,BRODA
152,APRE,0.44323259670000004,0.25756761640000003,0.7627322780000001,3.6108238721,0,ADA
153,BIME,1.7452015976,1.5910135896000002,1.9143322447000002,21.1894670999,0,ADA
154,BRODA,1.3896794538,1.2240444797,1.5777277839,15.4437004215,0,ADA
155,CERTO,0.765561406,0.5657990349,1.0358523612,6.4821143552,0,ADA
156,CICLO,0.4042251602,0.07522359120000001,2.172164046,1.1656209688,0,ADA
157,DEUCRAVA,0.8067440753,0.1141240065,5.7028842811,1.0021880152,0,ADA
158,ETA,0.6141659836000001,0.5387754196,0.70010591,14.9656705479,0,ADA
159,FUM,0.25111523480000003,0.1134259111,0.5559475834000001,2.4661468538999998,0,ADA
160,GUSEL,1.3898410004000001,1.2880746793,1.4996475262,25.7756546978,0,ADA
161,IFX,2.8898937889000003,1.1899037033,7.0186235137,2.2088305785,0,ADA
162,IXE,1.7407701149,1.5703517379,1.9296827072,19.0239585414,0,ADA
163,MTX,0.4003212367,0.0805446975,1.9896665761,1.2223604369,0,ADA
164,NETA,0.2588932633,0.11691327130000001,0.5732943837,2.4654600453,0,ADA
165,PBO,0.057680252700000004,0.0484732624,0.0686360148,11.2706820575,0,ADA
166,RISAN,1.6575052666999999,1.5033238309999999,1.8274996062,20.0747525234,0,ADA
167,SECU,1.5141683908,1.3935549534,1.64522103,23.6120770975,0,ADA
168,SONELO,1.4655474887,1.1531993275,1.8624962661,8.1772704935,0,ADA
169,TILDRA,1.0704135603,0.8274521814,1.384714689,7.6131571826,0,ADA
170,USK,1.0898460922,0.9937466188,1.1952387886,21.2329170609,0,ADA
171,ADA,1.3062309466,0.9653885413000001,1.7674119932,6.4821143552,0,CERTO
172,APRE,0.5789641344,0.3178765123,1.0544958684,3.2689682916000002,0,CERTO
173,BIME,2.2796363349,1.6878787986,3.0788595863,6.5215220697,0,CERTO
174,BRODA,1.8152423085,1.3341740991,2.4697711047,6.3655684772,0,CERTO
175,CICLO,0.5280114137,0.096178711,2.8987293544,1.1509710755,0,CERTO
176,DEUCRAVA,1.0537940771,0.1463497664,7.587862858,0.9928308897,0,CERTO
177,ETA,0.8022426142,0.6087114619,1.0573042439,7.0997332985,0,CERTO
178,FUM,0.3280144909,0.1417353479,0.7591155473000001,2.3358465508,0,CERTO
179,GUSEL,1.8154533256,1.349546653,2.4422058847,6.6089734914000005,0,CERTO
180,IFX,3.7748686996,1.4955798009,9.5278324105,2.1169698369,0,CERTO
181,IXE,2.273847795,1.6946722978,3.0509637773,6.6670278455,0,CERTO
182,MTX,0.522911988,0.1028763352,2.657918817,1.2054969216,0,CERTO
183,NETA,0.3381743924,0.1460948104,0.7827924851,2.3352629303,0,CERTO
184,PBO,0.0753437311,0.0546870526,0.1038029579,6.116709155,0,CERTO
185,RISAN,2.1650846736,1.5954192512,2.9381566258,6.4194329963,0,CERTO
186,SECU,1.9778536105,1.4720602534,2.6574353159,6.6362107682,0,CERTO
187,SONELO,1.9143434835000002,1.3207859712,2.7746440775,5.2809158499,0,CERTO
188,TILDRA,1.3982073181,0.9796973947000001,1.9954975026000001,5.5102232715,0,CERTO
189,USK,1.4235906928,1.0591594959,1.9134138611,6.6281899866,0,CERTO
190,ADA,2.2561517528,1.3110760208,3.8824756545,3.6108238721,0,APRE
191,BIME,3.9374396435000003,2.2896472404,6.7711002256,3.61534958,0,APRE
192,BRODA,3.1353277357,1.816220956,5.4124912376,3.5899029334,0,APRE
193,CERTO,1.7272227079,0.9483204534,3.1458757133,3.2689682916000002,0,APRE
194,CICLO,0.9119933037,0.1573452511,5.2860304358,1.1154170983,0,APRE
195,DEUCRAVA,1.8201370595,0.241170765,13.7367351113,0.9697392695,0,APRE
196,ETA,1.3856516605,0.8116553855,2.3655735656,3.6645790389,0,APRE
197,FUM,0.5665540772000001,0.22033940130000002,1.4567686054,2.0753842158,0,APRE
198,GUSEL,3.1356922092,1.8269838099,5.3818570135,3.6283964162,0,APRE
199,IFX,6.5200389374,2.3408422973,18.1605176024,1.9133720283,0,APRE
200,IXE,3.9274415459,2.2889388755,6.7388418546,3.6303027769,0,APRE
201,MTX,0.90318546,0.1678843747,4.8589630607,1.1648276134,0,APRE
202,NETA,0.5841024899,0.2271218585,1.5021703371,2.074974835,0,APRE
203,PBO,0.1301354033,0.0759140115,0.2230842878,3.6365377031,0,APRE
204,RISAN,3.7395834129,2.1694696822,6.4460380417,3.5996891043,0,APRE
205,SECU,3.416193669,1.9919652005000001,5.8587264382,3.6336314717000002,0,APRE
206,SONELO,3.3064975354,1.8433767788000002,5.9309231176,3.3544963993,0,APRE
207,TILDRA,2.4150154303,1.3544697365,4.3059651844,3.3892699067,0,APRE
208,USK,2.4588581713,1.4333290898,4.2181405162,3.6316653074,0,APRE
209,ADA,0.5744583914,0.5182199106,0.6368000085000001,19.0239585414,0,IXE
210,APRE,0.2546186845,0.1483934512,0.4368836629,3.6303027769,0,IXE
211,BIME,1.0025457024,0.905398596,1.1101164614,19.2303046385,0,IXE
212,BRODA,0.7983130236,0.7051500192,0.903784537,15.7949611236,0,IXE
213,CERTO,0.43978317380000004,0.3277652811,0.5900845853000001,6.6670278455,0,IXE
214,CICLO,0.23221053530000002,0.0432131231,1.2478092041,1.1656257795,0,IXE
215,DEUCRAVA,0.4634409038,0.0655598844,3.276050183,1.0021910728,0,IXE
216,ETA,0.352812803,0.3167717471,0.3929544699,18.1892188534,0,IXE
217,FUM,0.1442552538,0.0651594231,0.3193640652,2.4661924159,0,IXE
218,GUSEL,0.7984058254,0.7386686989,0.8629739733,25.2033269065,0,IXE
219,IFX,1.6601237373000002,0.6839756904000001,4.0293987956,2.2103807902,0,IXE
220,MTX,0.2299678937,0.046269914100000004,1.1429723426,1.2223659849,0,IXE
221,NETA,0.1487234076,0.0671627956,0.3293289352,2.4655055693,0,IXE
222,PBO,0.0331349052,0.0278477413,0.039425888400000005,11.2750335311,0,IXE
223,RISAN,0.9521678093,0.8486862965,1.0682669683000001,17.0358241196,0,IXE
224,SECU,0.8698267381,0.7982787066,0.9477874683,22.8341762481,0,IXE
225,SONELO,0.8418960529,0.6618104508,1.0709848462,8.1436822388,0,IXE
226,TILDRA,0.6149080520000001,0.48011752830000004,0.787540321,7.9210538294,0,IXE
227,USK,0.626071233,0.5731872507,0.6838344508,22.2092034122,0,IXE
228,ADA,0.7195067635,0.6668233585000001,0.7763525019,25.7756546978,0,GUSEL
229,APRE,0.3189088512,0.1858094701,0.5473502253,3.6283964162,0,GUSEL
230,BIME,1.2556843532,1.1556681331,1.3643563837000001,23.6138665205,0,GUSEL
231,BRODA,0.9998837662000001,0.8904838562,1.1227239425,16.9149153886,0,GUSEL
232,CERTO,0.5508266095000001,0.4094658875,0.7409895744,6.6089734914000005,0,GUSEL
233,CICLO,0.2908427367,0.0541525626,1.5620589964,1.16598831,0,GUSEL
234,DEUCRAVA,0.5804578186,0.0821504021,4.1013953736,1.002421464,0,GUSEL
235,ETA,0.4418965791,0.3934364987,0.4963255501,16.8738314592,0,GUSEL
236,FUM,0.1806791099,0.08170228260000001,0.39955971500000004,2.4696315821,0,GUSEL
237,IFX,2.079298127,0.8571819413,5.043830828,2.2118513965,0,GUSEL
238,IXE,1.2524958714,1.1587834986,1.3537868892,25.2033269065,0,GUSEL
239,MTX,0.2880338374,0.0579846591,1.4307834664,1.2227840955,0,GUSEL
240,NETA,0.186275454,0.08421425090000001,0.4120269951,2.4689418588,0,GUSEL
241,PBO,0.041501332,0.035058645400000005,0.0491279835,11.6180313871,0,GUSEL
242,RISAN,1.19258625,1.0804903064,1.3163116366,19.8562764958,0,GUSEL
243,SECU,1.0894543983,1.0240559841,1.1590292957,31.6609963709,0,GUSEL
244,SONELO,1.0544713304,0.8351057266,1.3314598992,8.4034883055,0,GUSEL
245,TILDRA,0.7701697964,0.5994658582,0.9894833995000001,7.8221035624,0,GUSEL
246,USK,0.7841516346,0.7266058587,0.8462549244,25.7156325367,0,GUSEL
247,ADA,0.6033163333,0.5471957403000001,0.6651926746,20.0747525234,0,RISAN
248,APRE,0.2674094651,0.15513405190000001,0.4609421409,3.5996891043,0,RISAN
249,BIME,1.0529086288,0.9485902700000001,1.168699085,18.7856820328,0,RISAN
250,BRODA,0.8384163126,0.737610014,0.9529994169,15.3006035862,0,RISAN
251,CERTO,0.46187570040000003,0.3403494529,0.6267944926,6.4194329963,0,RISAN
252,CICLO,0.24387564150000002,0.0453582762,1.3112343226,1.1652338631,0,RISAN
253,DEUCRAVA,0.4867218774,0.0688198141,3.4422962222,1.0019419436,0,RISAN
254,ETA,0.3705363693,0.32289886,0.4252018759,14.2428967791,0,RISAN
255,FUM,0.1515019227,0.0683509204,0.3358086831,2.4624870056,0,RISAN
256,GUSEL,0.8385137763,0.7596985183,0.9255057579,19.8562764958,0,RISAN
257,IFX,1.7435201244,0.7171365598,4.2388892082,2.206225521,0,RISAN
258,IXE,1.0502350429,0.9360955919,1.1782916775,17.0358241196,0,RISAN
259,MTX,0.2415203407,0.0485654736,1.2011017435,1.2219140271,0,RISAN
260,NETA,0.1561945344,0.07045244120000001,0.34628654670000003,2.4618032494,0,RISAN
261,PBO,0.0347994386,0.0290895156,0.041630151000000004,10.9360698495,0,RISAN
262,SECU,0.9135225216,0.8349112314,0.9995354788,21.7819840768,0,RISAN
263,SONELO,0.8841887372,0.6939992587,1.1264993632,8.0924972057,0,RISAN
264,TILDRA,0.6457979843,0.4974913194,0.8383162083,7.5122084192,0,RISAN
265,USK,0.6575219483,0.598748104,0.7220651048000001,20.9318601999,0,RISAN
266,ADA,1.2395504729,0.17534986700000002,8.7623982923,1.0021880152,0,DEUCRAVA
267,APRE,0.5494091749000001,0.0727975019,4.1464395571,0.9697392695,0,DEUCRAVA
268,BIME,2.1632654656,0.3060302533,15.2916825198,1.0022037311,0,DEUCRAVA
269,BRODA,1.7225778242,0.24345875220000002,12.187996256,1.0017225283,0,DEUCRAVA
270,CERTO,0.9489520028,0.1317894141,6.8329456505,0.9928308897,0,DEUCRAVA
271,CICLO,0.5010574885,0.0384464223,6.5300902361,0.7634018311,0,DEUCRAVA
272,ETA,0.7612897354,0.1076208008,5.3852234619,1.0018400784,0,DEUCRAVA
273,FUM,0.31127000800000004,0.0382443228,2.5334222361,0.9348176450000001,0,DEUCRAVA
274,GUSEL,1.7227780692999999,0.24381945870000002,12.1727949504,1.002421464,0,DEUCRAVA
275,IFX,3.5821692127,0.42332145320000003,30.312511143000002,0.9177783048,0,DEUCRAVA
276,IXE,2.1577724191,0.3052456294,15.2532300689,1.0021910728,0,DEUCRAVA
277,MTX,0.49621837830000004,0.0400443868,6.1489936226,0.7786962685000001,0,DEUCRAVA
278,NETA,0.320911267,0.039425591,2.6121115418,0.934780224,0,DEUCRAVA
279,PBO,0.0714975845,0.0101928843,0.5015169862000001,1.0061736912,0,DEUCRAVA
280,RISAN,2.0545614372,0.2905037613,14.5306989504,1.0019419436,0,DEUCRAVA
281,SECU,1.8768881449,0.265701042,13.2581682101,1.0025582279,0,DEUCRAVA
282,SONELO,1.8166200826,0.25389287380000003,12.998035254,0.9960257887,0,DEUCRAVA
283,TILDRA,1.3268316348,0.1854281019,9.4941498555,0.9959947122,0,DEUCRAVA
284,USK,1.350919239,0.19121841150000002,9.5439700403,1.0024938225,0,DEUCRAVA
285,ADA,0.5729997047000001,0.5223753624,0.6285301436,21.1894670999,0,BIME
286,APRE,0.25397214700000004,0.1476864862,0.436748501,3.61534958,0,BIME
287,BRODA,0.7962859166,0.7083064671,0.8951933809,16.7404828074,0,BIME
288,CERTO,0.4386664595,0.3247955849,0.5924596013,6.5215220697,0,BIME
289,CICLO,0.2316208974,0.043104633,1.2446049612,1.1656456956,0,BIME
290,DEUCRAVA,0.4622641169,0.0653950276,3.2676507935,1.0022037311,0,BIME
291,ETA,0.3519169272,0.31017133280000003,0.3992810121,15.5222548583,0,BIME
292,FUM,0.14388895540000002,0.0649979188,0.3185337602,2.4663810617,0,BIME
293,GUSEL,0.7963784827,0.7329463269000001,0.8653003154000001,23.6138665205,0,BIME
294,IFX,1.6559082875,0.6819424587,4.0209144067,2.2092979081,0,BIME
295,IXE,0.9974607617000001,0.9008063882,1.1044859186,19.2303046385,0,BIME
296,MTX,0.2293839504,0.0461538143,1.1400357153,1.2223889534,0,BIME
297,NETA,0.1483457634,0.0669963246,0.3284727284,2.4656940575,0,BIME
298,PBO,0.0330507678,0.0277847558,0.0393148408,11.2931016462,0,BIME
299,RISAN,0.9497500283,0.8556522486,1.054195928,18.7856820328,0,BIME
300,SECU,0.8676180407,0.8144648936000001,0.9242400385,31.0027259483,0,BIME
301,SONELO,0.8397582782,0.6648149515,1.0607372234,8.3902187009,0,BIME
302,TILDRA,0.6133466539,0.4751589974,0.7917226022,7.6778198553,0,BIME
303,USK,0.624481489,0.5777803634,0.674957397,25.2161754767,0,BIME
304,ADA,3.8625956779,1.7443045466,8.5533488978,2.4654600453,0,NETA
305,APRE,1.7120283124,0.6657034661,4.4029227605,2.074974835,0,NETA
306,BIME,6.741008148,3.0443927712,14.926191942700001,2.4656940575,0,NETA
307,BRODA,5.3677698521,2.4186171552,11.912986362,2.4585540122,0,NETA
308,CERTO,2.9570541778,1.2774777722000001,6.8448701031,2.3352629303,0,NETA
309,CICLO,1.5613583567,0.2470717899,9.8669294406,1.0631185867,0,NETA
310,DEUCRAVA,3.1161261783,0.3828320437,25.3642361396,0.934780224,0,NETA
311,ETA,2.3722748739,1.0695055247,5.2619532552,2.4602934312,0,NETA
312,FUM,0.9699566206,0.32387713970000004,2.9048541265,1.7868748689,0,NETA
313,GUSEL,5.3683938411,2.4270254421,11.874474792600001,2.4689418588,0,NETA
314,IFX,11.1624912587,3.4659377827,35.9502157605,1.675821092,0,NETA
315,IXE,6.7238911219,3.0364777976,14.8891955854,2.4655055693,0,NETA
316,MTX,1.5462790788,0.2626634718,9.1028226074,1.1056373965,0,NETA
317,PBO,0.2227954949,0.1025678508,0.4839511811,2.5266531329,0,NETA
318,RISAN,6.4022726794,2.8877818369,14.1939723208,2.4618032494,0,NETA
319,SECU,5.848620282,2.6458717613,12.9281999618,2.4709873782000003,0,NETA
320,SONELO,5.6608173955000005,2.4825026429,12.9082857884,2.3777718615,0,NETA
321,TILDRA,4.1345747915,1.8129163851,9.4293972116,2.377349159,0,NETA
322,USK,4.2096348055,1.9038177317,9.3081521933,2.4700235649,0,NETA
323,ADA,0.6823388582000001,0.5369138281,0.8671527776,8.1772704935,0,SONELO
324,APRE,0.30243482390000004,0.1686078171,0.5424826935,3.3544963993,0,SONELO
325,BIME,1.1908188654,0.9427405562000001,1.5041779637000001,8.3902187009,0,SONELO
326,BRODA,0.9482322917,0.7400376121000001,1.214998352,7.9064619198,0,SONELO
327,CERTO,0.5223722956,0.3604065862,0.7571249406,5.2809158499,0,SONELO
328,CICLO,0.27581853430000003,0.0506114779,1.5031346045,1.1559570153,0,SONELO
329,DEUCRAVA,0.5504728311,0.0769347044,3.9386690338,0.9960257887,0,SONELO
330,ETA,0.419069316,0.3258188905,0.5390083163,7.7872132311,0,SONELO
331,FUM,0.1713456826,0.0751582174,0.3906338381,2.3783879452,0,SONELO
332,GUSEL,0.9483425212000001,0.7510552894,1.1974531705,8.4034883055,0,SONELO
333,IFX,1.9718868281000002,0.7909040954000001,4.9163200514,2.1454308112,0,SONELO
334,IXE,1.1877950925,0.9337200275,1.5110066618,8.1436822388,0,SONELO
335,MTX,0.27315473560000003,0.054154852,1.3777806944,1.2112291875,0,SONELO
336,NETA,0.17665293370000001,0.07746962040000001,0.40281930930000004,2.3777718615,0,SONELO
337,PBO,0.0393574778,0.0297821927,0.052011316700000004,7.0307511252,0,SONELO
338,RISAN,1.1309802511,0.8877057837000001,1.4409237294000001,8.0924972057,0,SONELO
339,SECU,1.0331759309,0.8250877976000001,1.2937441412,8.7148696131,0,SONELO
340,TILDRA,0.7303847665000001,0.5221870234,1.0215916582,5.8412317455,0,SONELO
341,USK,0.7436443382,0.589709801,0.937761083,8.4507408859,0,SONELO
342,ADA,3.9822354896,1.7987307256,8.8163276855,2.4661468538999998,0,FUM
343,APRE,1.7650565768000002,0.6864508174,4.5384529235999995,2.0753842158,0,FUM
344,BIME,6.9498037385,3.1393846585,15.3851079933,2.4663810617,0,FUM
345,BRODA,5.5340308402,2.4940818392,12.2792672073,2.4592350638,0,FUM
346,CERTO,3.0486458002,1.3173225124,7.0554030071,2.3358465508,0,FUM
347,CICLO,1.6097197787000002,0.2958885214,8.7573446696,1.1571391236,0,FUM
348,DEUCRAVA,3.2126448875,0.39472299,26.1476717459,0.9348176450000001,0,FUM
349,ETA,2.4457535765,1.1028759625,5.4237382629,2.4609759298,0,FUM
350,GUSEL,5.5346741567,2.5027548133,12.2395601271,2.4696315821,0,FUM
351,IFX,11.5082376074,3.573829277,37.0581587876,1.6760367309,0,FUM
352,IXE,6.9321565307,3.131222667,15.3469744173,2.4661924159,0,FUM
353,MTX,1.5941734362000002,0.3166303059,8.0263603883,1.2125893051,0,FUM
354,NETA,1.0309739413,0.3442513656,3.0875905623,1.7868748689,0,FUM
355,PBO,0.2296963494,0.1057687771,0.498827862,2.5273923769,0,FUM
356,RISAN,6.6005762974,2.9778860708,14.6303808881,2.4624870056,0,FUM
357,SECU,6.0297751031,2.7284301959,13.325680037,2.4716788178,0,FUM
358,SONELO,5.836155221,2.5599420799,13.3052650027,2.3783879452,0,FUM
359,TILDRA,4.2626388683,1.8694686101,9.7193876504,2.3779649141,0,FUM
360,USK,4.3400237867,1.9632218814,9.5943340116,2.4707141954000003,0,FUM
361,ADA,0.9342183592000001,0.7221704283,1.2085290515,7.6131571826,0,TILDRA
362,APRE,0.41407602930000004,0.23223596970000002,0.7382963038,3.3892699067,0,TILDRA
363,BIME,1.6303993731,1.2630686521,2.1045586961,7.6778198553,0,TILDRA
364,BRODA,1.2982640592,0.9971066673000001,1.6903804004,7.4263364383,0,TILDRA
365,CERTO,0.7152015206,0.5011281641,1.0207233431,5.5102232715,0,TILDRA
366,CICLO,0.3776345659,0.0692893307,2.0581504248,1.1559084375,0,TILDRA
367,DEUCRAVA,0.7536751263,0.1053280194,5.392925827,0.9959947122,0,TILDRA
368,ETA,0.5737651375,0.45790071990000003,0.7189471838,8.6891852988,0,TILDRA
369,FUM,0.2345964626,0.1028871402,0.5349113618,2.3779649141,0,TILDRA
370,GUSEL,1.298414979,1.0106283749,1.6681517158,7.8221035624,0,TILDRA
371,IFX,2.6997918339,1.0841935641,6.7228548366,2.1483260896,0,TILDRA
372,IXE,1.6262594005,1.2697762556,2.0828233526,7.9210538294,0,TILDRA
373,MTX,0.373987449,0.0741401124,1.8865173979,1.2111733033,0,TILDRA
374,NETA,0.2418628397,0.1060513178,0.5515974196,2.377349159,0,TILDRA
375,PBO,0.0538859511,0.040758377000000005,0.0712416916,7.0198459182,0,TILDRA
376,RISAN,1.5484718507,1.1928673096,2.010085324,7.5122084192,0,TILDRA
377,SECU,1.4145639097,1.1026148251,1.8147688648,7.867163116,0,TILDRA
378,SONELO,1.3691413702,0.9788646882,1.9150226935,5.8412317455,0,TILDRA
379,USK,1.0181542281,0.7932925348000001,1.3067537974,7.8539915147,0,TILDRA
