,studlab,treat1,treat2,TE,seTE,event1,n1,event2,n2,incr,allstudies,Study,studlab.orig,age,CKD,disc. RoB,stopping,year,rob,effect_size1,outcome1_direction,Treatment1,Treatment2,treat.orig1,treat.orig2,CAD1,CAD2,DM1,DM2,n.orig1,n.orig2,duration1,duration2,sbt_base1,sbt_base2,dbt_base1,dbt_base2,sbt_int1,sbt_int2,dbt_int1,dbt_int2,sbt_diff1,sbt_diff2,dbt_diff1,dbt_diff2,mort1,mort2,cvm1,cvm2,mi1,mi2,stroke1,stroke2,r1,r2,mace21,mace22,hf1,hf2,aki1,aki2,disc1,disc2,n_mort1,n_mort2,n_cvd1,n_cvd2,mort RoB1,mort RoB2,cvm RoB1,cvm RoB2,mi RoB1,mi RoB2,stroke RoB1,stroke RoB2,mace RoB1,mace RoB2,hf RoB1,hf RoB2,aki RoB1,aki RoB2
0,1,CCBd,ACE,,,,235,,235,0,0,ABCD,1,57.5,0.0,1.0,1.0,2020,1,OR,beneficial,Nisoldipine,Enalapril,CCBd,ACE,10.4,10.4,100.0,100.0,235,235,5.0,5.0,155.0,156.0,98.0,98.0,,,,,,,,,17.0,13.0,10.0,5.0,27.0,9.0,11.0,7.0,,,,,8.0,10.0,,,126.0,111.0,203,202,203,202,1.0,1.0,1.0,1.0,1.0,1.0,1.0,1.0,,,1.0,1.0,,
1,2,CCBd,TTD,-0.24488079340000002,0.081166577,288.0,5744,364.0,5762,0,0,ACCOMPLISH,2,68.4,0.0,0.0,1.0,2020,1,OR,beneficial,amlodipin,HCTZ,CCBd,TTD,46.0,46.0,60.4,60.4,5744,5762,3.0,3.0,145.3,145.4,80.1,80.0,131.6,132.5,73.3,74.4,0.0,0.9,0.0,1.1,236.0,262.0,107.0,134.0,125.0,159.0,112.0,133.0,288.0,364.0,288.0,364.0,100.0,96.0,,,1654.0,1798.0,5673,5690,5673,5690,0.0,0.0,0.0,0.0,0.0,0.0,0.0,0.0,0.0,0.0,0.0,0.0,,
2,3,CCBd,placebo,-0.0307488949,0.0709021289,444.0,3825,458.0,3840,0,0,ACTION,3,63.5,0.0,0.0,0.0,2020,1,OR,beneficial,nifedipine,placebo,CCBd,placebo,100.0,100.0,14.5,14.5,3825,3840,4.9,5.0,137.3,137.6,79.9,79.8,130.7,136.3,76.0,78.9,0.0,5.6,0.0,2.9,310.0,291.0,154.0,149.0,267.0,257.0,77.0,99.0,444.0,458.0,444.0,458.0,86.0,121.0,,,1305.0,1179.0,3644,3661,3644,3661,0.0,0.0,0.0,0.0,0.0,0.0,0.0,0.0,0.0,0.0,0.0,0.0,,
3,4,ARB,placebo,-0.0056417639,0.051390880300000004,963.0,4518,963.0,4498,0,0,ACTIVE I,4,69.6,0.0,1.0,0.0,2020,1,OR,beneficial,irbesartan,placebo,ARB,placebo,36.2,36.2,19.8,19.8,4518,4498,4.1,4.1,138.3,138.2,82.6,82.2,131.5,134.3,78.1,79.6,0.0,2.8,0.0,1.5,949.0,929.0,666.0,646.0,143.0,135.0,379.0,411.0,963.0,963.0,963.0,963.0,482.0,551.0,37.0,34.0,1369.0,1363.0,4498,4478,4498,4478,0.0,0.0,1.0,1.0,1.0,1.0,1.0,1.0,1.0,1.0,1.0,1.0,1.0,1.0
4,5,ACE + TLD,placebo,-0.0875378118,0.06633922760000001,480.0,5569,520.0,5571,0,0,ADVANCE,5,66.0,0.0,0.0,0.0,2020,1,OR,beneficial,perindopril and indapamide,placebo,ACE + TLD,placebo,12.0,12.0,100.0,100.0,5569,5571,4.3,4.3,145.0,144.9,81.0,81.0,134.7,140.3,74.8,77.0,0.0,5.6,0.0,2.2,408.0,471.0,211.0,257.0,265.0,294.0,215.0,218.0,480.0,520.0,480.0,520.0,190.0,194.0,55.0,45.0,1488.0,1428.0,5565,5560,5565,5560,0.0,0.0,0.0,0.0,0.0,0.0,0.0,0.0,0.0,0.0,0.0,0.0,0.0,0.0
5,6,TLD,ACE,,,,15255,,9054,0,0,ALLHAT,6,66.9,0.0,0.0,0.0,2020,1,OR,beneficial,chlorthalidone,lisinopril,TLD,ACE,26.8,26.8,41.7,41.7,15255,9054,4.9,4.9,146.3,146.4,84.1,84.1,135.6,138.0,78.1,78.4,0.0,2.4,0.7000000000000001,1.0,2212.0,1296.0,997.0,608.0,1355.0,780.0,661.0,446.0,,,,,845.0,521.0,,,2939.0,2448.0,15073,8936,15073,8936,0.0,0.0,0.0,0.0,0.0,0.0,0.0,0.0,,,0.0,0.0,,
6,6,TLD,CCBd,,,,15255,,9048,0,0,ALLHAT,6,66.9,0.0,0.0,0.0,2020,1,OR,beneficial,chlorthalidone,amlodipin,TLD,CCBd,26.8,26.8,41.7,41.7,15255,9048,4.9,4.9,146.3,146.2,84.1,83.9,135.6,136.8,78.1,77.4,0.0,1.2,0.7000000000000001,0.0,2212.0,1254.0,997.0,614.0,1355.0,790.0,661.0,370.0,,,,,845.0,636.0,,,2939.0,1753.0,15073,8945,15073,8945,0.0,0.0,0.0,0.0,0.0,0.0,0.0,0.0,,,0.0,0.0,,
7,6,CCBd,ACE,,,,9048,,9054,0,0,ALLHAT,6,66.9,0.0,0.0,0.0,2020,1,OR,beneficial,amlodipin,lisinopril,CCBd,ACE,26.8,26.8,41.7,41.7,9048,9054,4.9,4.9,146.2,146.4,83.9,84.1,136.8,138.0,77.4,78.4,1.2,2.4,0.0,1.0,1254.0,1296.0,614.0,608.0,790.0,780.0,370.0,446.0,,,,,636.0,521.0,,,1753.0,2448.0,8945,8936,8945,8936,0.0,0.0,0.0,0.0,0.0,0.0,0.0,0.0,,,0.0,0.0,,
8,7,Renin,placebo,,,,4274,,4287,0,0,ALTITUDE,7,64.5,1.0,0.0,1.0,2020,1,OR,beneficial,aliskiren,placebo,Renin,placebo,16.7,16.7,100.0,100.0,4274,4287,2.8,2.8,137.3,137.3,74.1,74.3,140.2,141.5,74.0,74.6,0.0,1.3,0.0,0.6000000000000001,376.0,358.0,246.0,215.0,147.0,142.0,147.0,122.0,,,590.0,539.0,205.0,219.0,210.0,217.0,1445.0,1218.0,4151,4188,4151,4188,0.0,0.0,0.0,0.0,0.0,0.0,0.0,0.0,0.0,0.0,0.0,0.0,0.0,0.0
9,8,ACE,TTD,,,,3044,,3039,0,0,ANBP2,8,71.9,0.0,0.0,0.0,2020,1,OR,beneficial,ACE (enalapril),diur (hctz),ACE,TTD,8.0,8.0,7.0,7.0,3044,3039,4.1,4.1,167.0,168.0,91.0,91.0,144.0,144.0,81.0,81.0,0.0,0.0,0.0,0.0,195.0,210.0,84.0,82.0,58.0,82.0,112.0,107.0,,,,,69.0,78.0,,,761.0,638.0,3044,3037,2978,2940,0.0,0.0,0.0,0.0,1.0,1.0,1.0,1.0,,,1.0,1.0,,
10,9,TTD,placebo,-0.2117481716,0.2019884869,46.0,1721,56.0,1706,0,0,ANBPS,9,50.4,0.0,1.0,1.0,2020,1,OR,beneficial,chlorothiazide,placebo,TTD,placebo,0.0,0.0,0.0,0.0,1721,1706,4.06,4.03,157.7,157.1,100.5,100.4,,147.0,88.3,93.9,,,0.0,5.6,25.0,35.0,8.0,18.0,33.0,33.0,13.0,22.0,46.0,56.0,46.0,56.0,3.0,3.0,,,541.0,580.0,1721,1706,1679,1660,1.0,1.0,1.0,1.0,1.0,1.0,1.0,1.0,1.0,1.0,1.0,1.0,,
11,10,Renin,placebo,,,,860,,899,0,0,APOLLO,10,72.1,0.0,1.0,1.0,2020,1,OR,beneficial,aliskiren,placebo,Renin,placebo,22.0,22.0,40.6,40.6,860,899,0.6000000000000001,0.6000000000000001,146.1,146.1,82.6,82.6,,,,,0.0,3.5,0.0,1.7000000000000002,,,,,,,1.0,1.0,,,11.0,14.0,,,4.0,1.0,67.0,70.0,860,899,860,899,,,,,,,1.0,1.0,1.0,1.0,,,1.0,1.0
12,11,BB,CCBn,,,,406,,403,0,0,APSIS,11,59.0,0.0,1.0,0.0,2020,1,OR,beneficial,Metoprolol,Verapamil,BB,CCBn,16.0,16.0,8.5,8.5,406,403,3.4,3.4,,,,,,,,,,,,,22.0,25.0,19.0,19.0,17.0,14.0,11.0,13.0,,,,,,,,,45.0,59.0,406,403,406,403,1.0,1.0,1.0,1.0,1.0,1.0,1.0,1.0,,,,,,
13,12,CCBd,BB,-0.1815735526,0.050515296300000005,796.0,9639,937.0,9618,0,0,ASCOT-BPLA,12,63.0,0.0,2.0,1.0,2020,1,OR,beneficial,Amlodipin,Atenolol,CCBd,BB,0.0,0.0,5.0,5.0,9639,9618,5.5,5.5,164.1,163.9,94.8,94.5,136.1,137.7,77.4,79.2,0.0,1.6,0.0,1.8,738.0,820.0,263.0,342.0,390.0,444.0,327.0,422.0,796.0,937.0,796.0,937.0,134.0,159.0,,,162.0,254.0,9623,9585,9518,9447,2.0,2.0,2.0,2.0,2.0,2.0,2.0,2.0,2.0,2.0,2.0,2.0,,
14,13,BB,placebo,-0.9735764524,0.5311165487,5.0,396,13.0,397,0,0,BCAPS,13,61.8,0.0,0.0,0.0,2020,1,OR,beneficial,Metoprolol,Placebo,BB,placebo,4.0,4.0,3.2,3.2,396,397,3.0,3.0,138.5,139.3,84.6,84.8,138.7,140.1,,,0.0,1.4,,,4.0,7.0,,,3.0,5.0,1.0,7.0,5.0,13.0,5.0,13.0,,,,,79.0,87.0,396,397,396,397,0.0,0.0,,,0.0,0.0,0.0,0.0,0.0,0.0,,,,
15,14,CCBn + ACE,ACE,0.0033840980000000003,0.6377838261000001,5.0,300,5.0,301,0,0,BENEDICT,14,62.2,0.0,0.0,0.0,2020,1,OR,beneficial,verapamil + trandolapril,trandolapril,CCBn + ACE,ACE,,,100.0,100.0,300,301,3.6,3.6,150.5,150.8,87.3,87.4,139.0,139.0,80.0,81.0,0.0,0.0,0.0,1.0,2.0,4.0,0.0,1.0,4.0,3.0,1.0,2.0,5.0,5.0,5.0,5.0,1.0,0.0,,,107.0,114.0,295,298,295,298,0.0,0.0,0.0,0.0,0.0,0.0,0.0,0.0,0.0,0.0,0.0,0.0,,
16,14,CCBn + ACE,CCBn,0.5276327421,0.7348853633,5.0,300,3.0,303,0,0,BENEDICT,14,62.2,0.0,0.0,0.0,2020,1,OR,beneficial,verapamil + trandolapril,verapamil,CCBn + ACE,CCBn,,,100.0,100.0,300,303,3.6,3.6,150.5,150.1,87.3,87.5,139.0,141.0,80.0,82.0,0.0,2.0,0.0,2.0,2.0,2.0,0.0,1.0,4.0,3.0,1.0,0.0,5.0,3.0,5.0,3.0,1.0,1.0,,,107.0,115.0,295,298,295,298,0.0,0.0,0.0,0.0,0.0,0.0,0.0,0.0,0.0,0.0,0.0,0.0,,
17,14,CCBn + ACE,placebo,-0.1857171458,0.6111119846,5.0,300,6.0,300,0,0,BENEDICT,14,62.2,0.0,0.0,0.0,2020,1,OR,beneficial,verapamil + trandolapril,placebo,CCBn + ACE,placebo,,,100.0,100.0,300,300,3.6,3.6,150.5,151.9,87.3,87.7,139.0,142.0,80.0,83.0,0.0,3.0,0.0,3.0,2.0,5.0,0.0,3.0,4.0,4.0,1.0,1.0,5.0,6.0,5.0,6.0,1.0,1.0,,,107.0,119.0,295,297,295,297,0.0,0.0,0.0,0.0,0.0,0.0,0.0,0.0,0.0,0.0,0.0,0.0,,
18,14,ACE,CCBn,0.5242486441,0.7348775715,5.0,301,3.0,303,0,0,BENEDICT,14,62.2,0.0,0.0,0.0,2020,1,OR,beneficial,trandolapril,verapamil,ACE,CCBn,,,100.0,100.0,301,303,3.6,3.6,150.8,150.1,87.4,87.5,139.0,141.0,81.0,82.0,0.0,2.0,1.0,2.0,4.0,2.0,1.0,1.0,3.0,3.0,2.0,0.0,5.0,3.0,5.0,3.0,0.0,1.0,,,114.0,115.0,298,298,298,298,0.0,0.0,0.0,0.0,0.0,0.0,0.0,0.0,0.0,0.0,0.0,0.0,,
19,14,ACE,placebo,-0.1891012438,0.6111026146,5.0,301,6.0,300,0,0,BENEDICT,14,62.2,0.0,0.0,0.0,2020,1,OR,beneficial,trandolapril,placebo,ACE,placebo,,,100.0,100.0,301,300,3.6,3.6,150.8,151.9,87.4,87.7,139.0,142.0,81.0,83.0,0.0,3.0,1.0,3.0,4.0,5.0,1.0,3.0,3.0,4.0,2.0,1.0,5.0,6.0,5.0,6.0,0.0,1.0,,,114.0,119.0,298,297,298,297,0.0,0.0,0.0,0.0,0.0,0.0,0.0,0.0,0.0,0.0,0.0,0.0,,
20,14,CCBn,placebo,-0.7133498879,0.7118530002,3.0,303,6.0,300,0,0,BENEDICT,14,62.2,0.0,0.0,0.0,2020,1,OR,beneficial,verapamil,placebo,CCBn,placebo,,,100.0,100.0,303,300,3.6,3.6,150.1,151.9,87.5,87.7,141.0,142.0,82.0,83.0,2.0,3.0,2.0,3.0,2.0,5.0,1.0,3.0,3.0,4.0,0.0,1.0,3.0,6.0,3.0,6.0,1.0,1.0,,,115.0,119.0,298,297,298,297,0.0,0.0,0.0,0.0,0.0,0.0,0.0,0.0,0.0,0.0,0.0,0.0,,
21,15,CCBn + ACE,ACE,,,,138,,143,0,0,BENEDICT-B,15,62.4,1.0,1.0,0.0,2020,1,OR,beneficial,verapamil/trandolapril,trandolapril,CCBn + ACE,ACE,,,100.0,100.0,138,143,4.5,4.5,150.1,148.9,86.5,86.2,141.0,141.8,81.6,82.3,0.0,0.8,0.0,0.7000000000000001,2.0,7.0,1.0,4.0,2.0,5.0,5.0,4.0,,,20.0,21.0,3.0,0.0,,,47.0,50.0,136,136,136,136,1.0,1.0,1.0,1.0,1.0,1.0,1.0,1.0,1.0,1.0,1.0,1.0,,
22,16,CCBd,ACE,,,,663,,673,0,0,CAMELOT,16,57.7,0.0,0.0,0.0,2020,1,OR,beneficial,Amlodipin,Enalapril,CCBd,ACE,100.0,100.0,18.2,18.2,663,673,2.0,2.0,129.5,128.9,77.7,77.2,124.7,124.0,75.2,74.8,0.7000000000000001,0.0,0.4,0.0,7.0,8.0,5.0,5.0,14.0,11.0,6.0,8.0,,,,,3.0,4.0,,,172.0,199.0,645,651,645,651,0.0,0.0,0.0,0.0,0.0,0.0,0.0,0.0,,,0.0,0.0,,
23,16,CCBd,placebo,,,,663,,655,0,0,CAMELOT,16,57.7,0.0,0.0,0.0,2020,1,OR,beneficial,Amlodipin,Placebo,CCBd,placebo,100.0,100.0,18.2,18.2,663,655,2.0,2.0,129.5,128.9,77.7,77.6,124.7,129.6,75.2,78.2,0.7000000000000001,5.6,0.4,3.4,7.0,6.0,5.0,2.0,14.0,19.0,6.0,12.0,,,,,3.0,5.0,,,172.0,172.0,645,639,645,639,0.0,0.0,0.0,0.0,0.0,0.0,0.0,0.0,,,0.0,0.0,,
24,16,placebo,ACE,,,,655,,673,0,0,CAMELOT,16,57.7,0.0,0.0,0.0,2020,1,OR,beneficial,Placebo,Enalapril,placebo,ACE,100.0,100.0,18.2,18.2,655,673,2.0,2.0,128.9,128.9,77.6,77.2,129.6,124.0,78.2,74.8,5.6,0.0,3.4,0.0,6.0,8.0,2.0,5.0,19.0,11.0,12.0,8.0,,,,,5.0,4.0,,,172.0,199.0,639,651,639,651,0.0,0.0,0.0,0.0,0.0,0.0,0.0,0.0,,,0.0,0.0,,
25,17,ARB,CCBd,,,,2354,,2349,0,0,CASE-J,17,63.8,0.0,0.0,0.0,2020,1,OR,beneficial,Candesartan,Amlodipin,ARB,CCBd,43.0,43.0,42.9,42.9,2354,2349,3.2,3.2,162.5,163.2,91.6,91.8,136.1,134.4,77.3,76.7,1.7000000000000002,0.0,0.6000000000000001,0.0,73.0,86.0,11.0,15.0,17.0,18.0,60.0,47.0,,,,,20.0,16.0,19.0,27.0,125.0,134.0,2260,2253,2255,2250,0.0,0.0,0.0,0.0,0.0,0.0,0.0,0.0,,,0.0,0.0,0.0,0.0
26,18,CCBd,TTD,-0.20508748640000002,0.1614174116,72.0,2568,88.0,2573,0,0,COLM,18,73.6,0.0,1.0,0.0,2020,1,OR,beneficial,CCB dihydro,Diuretic,CCBd,TTD,11.0,11.0,26.5,26.5,2568,2573,3.3,3.3,158.0,158.0,87.1,86.9,133.6,133.1,73.3,73.2,0.5,0.0,0.1,0.0,64.0,76.0,13.0,18.0,9.0,16.0,63.0,66.0,72.0,88.0,72.0,88.0,,,14.0,14.0,532.0,834.0,2522,2501,2522,2501,1.0,1.0,1.0,1.0,1.0,1.0,1.0,1.0,1.0,1.0,,,1.0,1.0
27,19,CCBn,BB + TTD,0.012116760800000001,0.0757694492,364.0,8179,365.0,8297,0,0,CONVINCE,19,66.0,0.0,0.0,1.0,2020,1,OR,beneficial,Verapamil,Atenolol or HCTZ,CCBn,BB + TTD,7.7,7.7,19.7,19.7,8179,8297,3.0,3.0,150.1,150.1,86.8,86.8,136.5,136.6,79.0,79.7,0.0,0.1,0.0,0.7000000000000001,337.0,319.0,152.0,143.0,133.0,166.0,133.0,118.0,364.0,365.0,364.0,365.0,126.0,100.0,27.0,34.0,2971.0,2957.0,8117,8227,7609,7734,0.0,0.0,0.0,0.0,0.0,0.0,0.0,0.0,0.0,0.0,0.0,0.0,0.0,0.0
28,20,ARB,BB,-0.171731084,0.2763110816,25.0,1110,29.0,1089,0,0,COPE,20,63.1,0.0,0.0,0.0,2020,1,OR,beneficial,ARB,BB,ARB,BB,2.9,2.9,14.2,14.2,1110,1089,3.61,3.61,153.9,153.7,89.0,88.7,134.7,133.9,77.2,77.0,0.8,0.0,0.6000000000000001,0.4,25.0,23.0,,,5.0,3.0,15.0,27.0,25.0,29.0,25.0,29.0,3.0,4.0,,,238.0,282.0,1037,1009,1037,1009,0.0,0.0,,,0.0,0.0,0.0,0.0,0.0,0.0,0.0,0.0,,
29,20,ARB,TTD,0.5751995494000001,0.3365652334,25.0,1110,14.0,1094,0,0,COPE,20,63.1,0.0,0.0,0.0,2020,1,OR,beneficial,ARB,Diuretics,ARB,TTD,2.9,2.9,14.2,14.2,1110,1094,3.61,3.61,153.9,154.1,89.0,88.7,134.7,134.0,77.2,76.6,0.8,0.1,0.6000000000000001,0.0,25.0,23.0,,,5.0,4.0,15.0,12.0,25.0,14.0,25.0,14.0,3.0,3.0,,,238.0,260.0,1037,1025,1037,1025,0.0,0.0,,,0.0,0.0,0.0,0.0,0.0,0.0,0.0,0.0,,
30,20,BB,TTD,0.7469306334,0.3282996378,29.0,1089,14.0,1094,0,0,COPE,20,63.1,0.0,0.0,0.0,2020,1,OR,beneficial,BB,Diuretics,BB,TTD,2.9,2.9,14.2,14.2,1089,1094,3.61,3.61,153.7,154.1,88.7,88.7,133.9,134.0,77.0,76.6,0.0,0.1,0.4,0.0,23.0,23.0,,,3.0,4.0,27.0,12.0,29.0,14.0,29.0,14.0,4.0,3.0,,,282.0,260.0,1009,1025,1009,1025,0.0,0.0,,,0.0,0.0,0.0,0.0,0.0,0.0,0.0,0.0,,
31,21,CCBd + ACE,ACE,,,,126,,127,0,0,DEMAND,21,60.8,0.0,0.0,0.0,2020,1,OR,beneficial,Manidipine/delapril,Delapril,CCBd + ACE,ACE,,,100.0,100.0,126,127,3.8,3.8,148.4,147.0,86.9,86.9,137.2,138.9,80.5,81.2,0.0,1.7000000000000002,0.0,0.7000000000000001,2.0,1.0,0.0,0.0,,,,,,,2.0,6.0,,,,,9.0,17.0,126,127,126,127,0.0,0.0,0.0,0.0,,,,,0.0,0.0,,,,
32,21,CCBd + ACE,placebo,,,,126,,127,0,0,DEMAND,21,60.8,0.0,0.0,0.0,2020,1,OR,beneficial,Manidipine/delapril,Placebo,CCBd + ACE,placebo,,,100.0,100.0,126,127,3.8,3.8,148.4,147.2,86.9,87.5,137.2,139.5,80.5,82.8,0.0,2.3,0.0,2.3,2.0,3.0,0.0,2.0,,,,,,,2.0,10.0,,,,,9.0,13.0,126,127,126,127,0.0,0.0,0.0,0.0,,,,,0.0,0.0,,,,
33,21,ACE,placebo,,,,127,,127,0,0,DEMAND,21,60.8,0.0,0.0,0.0,2020,1,OR,beneficial,Delapril,Placebo,ACE,placebo,,,100.0,100.0,127,127,3.8,3.8,147.0,147.2,86.9,87.5,138.9,139.5,81.2,82.8,1.7000000000000002,2.3,0.7000000000000001,2.3,1.0,3.0,0.0,2.0,,,,,,,6.0,10.0,,,,,17.0,13.0,127,127,127,127,0.0,0.0,0.0,0.0,,,,,0.0,0.0,,,,
34,22,ARB,ACE,,,,120,,130,0,0,DETAIL,22,60.6,1.0,0.0,0.0,2020,1,OR,beneficial,Telmisartan,Enalapril,ARB,ACE,49.0,49.0,100.0,100.0,120,130,5.0,5.0,152.6,151.6,85.4,85.9,145.7,148.7,,,0.0,3.0,,,6.0,6.0,3.0,2.0,9.0,6.0,6.0,6.0,,,,,9.0,7.0,,,38.0,44.0,119,129,119,129,0.0,0.0,0.0,0.0,0.0,0.0,0.0,0.0,,,0.0,0.0,,
35,23,ACE,placebo,,,,2443,,2469,0,0,DIABHYCAR,23,65.1,1.0,1.0,0.0,2020,1,OR,beneficial,ramipril,placebo,ACE,placebo,6.0,6.0,100.0,100.0,2443,2469,3.9,3.9,145.8,145.1,82.4,82.2,143.1,144.4,80.5,81.2,0.0,1.3,0.0,0.7000000000000001,334.0,324.0,179.0,175.0,61.0,78.0,118.0,116.0,,,362.0,377.0,85.0,102.0,48.0,60.0,859.0,880.0,2381,2371,2381,2371,1.0,1.0,1.0,1.0,1.0,1.0,1.0,1.0,1.0,1.0,1.0,1.0,1.0,1.0
36,24,ARB,placebo,,,,711,,710,0,0,DIRECT prevent-1,24,29.7,0.0,0.0,0.0,2020,1,OR,beneficial,Candesartan,Placebo,ARB,placebo,0.1,0.1,100.0,100.0,711,710,4.7,4.7,116.0,116.0,72.0,72.0,,,,,0.0,2.6,0.0,2.7,7.0,5.0,,,,,,,,,,,,,,,87.0,81.0,699,704,699,704,0.0,0.0,,,,,,,,,,,,
37,25,ARB,placebo,,,,951,,954,0,0,DIRECT protect-1,25,31.7,0.0,0.0,0.0,2020,1,OR,beneficial,Candesartan,Placebo,ARB,placebo,0.1,0.1,100.0,100.0,951,954,4.8,4.8,117.0,117.0,74.0,73.0,,,,,0.0,3.6,0.0,2.5,7.0,8.0,,,,,,,,,,,,,,,119.0,136.0,945,933,945,933,0.0,0.0,,,,,,,,,,,,
38,26,ARB,placebo,,,,951,,954,0,0,DIRECT protect-2,26,56.8,0.0,0.0,0.0,2020,1,OR,beneficial,Candesartan,Placebo,ARB,placebo,5.2,5.2,100.0,100.0,951,954,4.7,4.7,132.9,132.9,77.5,78.5,133.0,136.3,75.9,77.2,0.0,3.4,0.0,1.8,37.0,35.0,,,,,,,,,,,,,,,99.0,109.0,943,944,943,944,0.0,0.0,,,,,,,,,,,,
39,27,ACE,placebo,-0.06340213930000001,0.26886264260000003,27.0,2623,29.0,2646,0,0,DREAM,27,54.7,0.0,1.0,1.0,2020,1,OR,beneficial,Ramipril,Placebo,ACE,placebo,0.0,0.0,0.0,0.0,2623,2646,3.0,3.0,136.1,136.0,83.4,83.4,127.9,132.1,78.6,81.1,0.0,4.2,0.0,2.5,31.0,32.0,12.0,10.0,14.0,11.0,4.0,8.0,27.0,29.0,27.0,29.0,12.0,4.0,99.0,88.0,716.0,582.0,2571,2593,2571,2593,1.0,1.0,1.0,1.0,1.0,1.0,1.0,1.0,1.0,1.0,1.0,1.0,1.0,1.0
40,28,BB,placebo,0.0380085918,0.1547849634,97.0,732,95.0,741,0,0,Dutch-TIA,28,65.0,0.0,0.0,0.0,2020,1,OR,beneficial,Atenolol,Placebo,BB,placebo,5.5,5.5,5.0,5.0,732,741,2.6,2.6,158.0,157.0,91.0,91.0,147.0,151.0,85.0,87.5,0.0,4.0,0.0,2.5,64.0,58.0,41.0,33.0,45.0,40.0,52.0,62.0,97.0,95.0,97.0,95.0,,,,,247.0,218.0,732,741,732,741,0.0,0.0,0.0,0.0,0.0,0.0,0.0,0.0,0.0,0.0,,,,
41,30,BB,CCBd,0.2235388864,0.2628674804,33.0,1157,27.0,1177,0,0,ELSA,30,56.0,0.0,0.0,0.0,2020,1,OR,beneficial,Atenolol,Lacidipine,BB,CCBd,,,,,1157,1177,4.0,4.0,163.1,163.9,101.3,101.4,141.5,142.1,85.7,85.9,0.0,0.6000000000000001,0.0,0.2,17.0,13.0,8.0,4.0,17.0,18.0,14.0,9.0,33.0,27.0,33.0,27.0,,,,,261.0,271.0,1114,1128,1114,1128,0.0,0.0,0.0,0.0,0.0,0.0,0.0,0.0,0.0,0.0,,,,
42,31,ACE,placebo,,,,6110,,6108,0,0,EUROPA,31,60.0,0.0,0.0,0.0,2020,1,OR,beneficial,perindopril,placebo,ACE,placebo,100.0,100.0,12.3,12.3,6110,6108,4.2,4.2,137.0,137.0,82.0,82.0,128.0,133.0,78.0,80.0,0.0,5.0,0.0,2.0,375.0,420.0,215.0,249.0,320.0,418.0,98.0,102.0,,,484.0,596.0,63.0,103.0,20.0,16.0,1391.0,1266.0,6107,6108,6107,6108,0.0,0.0,0.0,0.0,0.0,0.0,0.0,0.0,0.0,0.0,0.0,0.0,0.0,0.0
43,32,CCBd,placebo,,,,4841,,4870,0,0,FEVER,32,61.5,0.0,1.0,0.0,2020,1,OR,beneficial,Felodipine,Placebo,CCBd,placebo,13.6,13.6,12.8,12.0,4841,4870,3.3,3.3,154.2,154.4,91.0,91.3,137.7,142.1,82.4,84.5,0.0,4.2,0.0,2.1,112.0,151.0,73.0,101.0,71.0,99.0,177.0,251.0,,,241.0,334.0,18.0,27.0,10.0,8.0,683.0,687.0,4827,4854,4827,4854,1.0,1.0,1.0,1.0,1.0,1.0,1.0,1.0,1.0,1.0,1.0,1.0,1.0,1.0
44,33,CCBd,ACE,,,,103,,102,0,0,Fogari 2002,33,62.9,1.0,1.0,0.0,2020,1,OR,beneficial,Amlodipine,Fosinopril,CCBd,ACE,0.0,0.0,100.0,100.0,103,102,4.0,4.0,160.4,159.5,99.3,99.1,140.4,142.3,86.5,87.3,8.0,9.9,4.2,5.0,4.0,3.0,2.0,2.0,4.0,3.0,2.0,3.0,,,,,,,,,15.0,13.0,103,102,103,102,1.0,1.0,1.0,1.0,1.0,1.0,1.0,1.0,,,,,,
45,33,CCBd,CCBd + ACE,,,,103,,104,0,0,Fogari 2002,33,62.9,1.0,1.0,0.0,2020,1,OR,beneficial,Amlodipine,Combination,CCBd,CCBd + ACE,0.0,0.0,100.0,100.0,103,104,4.0,4.0,160.4,161.1,99.3,99.4,140.4,132.4,86.5,82.3,8.0,0.0,4.2,0.0,4.0,2.0,2.0,1.0,4.0,1.0,2.0,1.0,,,,,,,,,15.0,10.0,103,104,103,104,1.0,1.0,1.0,1.0,1.0,1.0,1.0,1.0,,,,,,
46,33,ACE,CCBd + ACE,,,,102,,104,0,0,Fogari 2002,33,62.9,1.0,1.0,0.0,2020,1,OR,beneficial,Fosinopril,Combination,ACE,CCBd + ACE,0.0,0.0,100.0,100.0,102,104,4.0,4.0,159.5,161.1,99.1,99.4,142.3,132.4,87.3,82.3,9.9,0.0,5.0,0.0,3.0,2.0,2.0,1.0,3.0,1.0,3.0,1.0,,,,,,,,,13.0,10.0,102,104,102,104,1.0,1.0,1.0,1.0,1.0,1.0,1.0,1.0,,,,,,
47,34,TTD,BB,,,,3272,,3297,0,0,HAPPHY,34,52.3,0.0,0.0,0.0,2020,1,OR,beneficial,Diuretics (bendro),BB,TTD,BB,0.0,0.0,0.0,0.0,3272,3297,3.8,3.8,166.0,166.0,107.0,107.0,140.5,140.5,90.0,89.0,0.0,0.0,1.0,0.0,101.0,96.0,60.0,57.0,116.0,132.0,41.0,32.0,,,192.0,197.0,22.0,32.0,,,291.0,260.0,3272,3297,3240,3265,0.0,0.0,0.0,0.0,0.0,0.0,0.0,0.0,0.0,0.0,0.0,0.0,,
48,35,ARB,BB + TTD,,,,1024,,1025,0,0,HIJ-CREATE,35,64.8,0.0,0.0,0.0,2020,1,OR,beneficial,Candesartan,Non-ARB,ARB,BB + TTD,100.0,100.0,38.1,38.1,1024,1025,4.2,4.2,135.0,135.5,75.6,75.8,130.7,132.2,72.9,74.7,0.0,1.5,0.0,1.8,69.0,59.0,28.0,25.0,29.0,26.0,45.0,49.0,,,264.0,288.0,40.0,44.0,,,58.0,125.0,1021,1020,1021,1020,0.0,0.0,0.0,0.0,0.0,0.0,0.0,0.0,0.0,0.0,0.0,0.0,,
49,36,ACE,ARB,0.212816253,0.37569763640000003,16.0,1172,13.0,1175,0,0,HOMED-BP,36,59.6,0.0,1.0,1.0,2020,1,OR,beneficial,ACE,ARB,ACE,ARB,3.0,3.0,15.3,15.3,1172,1175,5.3,5.3,151.6,151.6,89.8,89.8,129.3,129.8,76.1,76.5,0.0,0.5,0.0,0.4,17.0,16.0,2.0,2.0,,,11.0,9.0,16.0,13.0,16.0,13.0,,,,,209.0,200.0,1172,1175,1172,1175,1.0,1.0,1.0,1.0,,,1.0,1.0,1.0,1.0,,,,
50,36,ACE,CCBd,-0.3245275025,0.33119468500000004,16.0,1172,22.0,1171,0,0,HOMED-BP,36,59.6,0.0,1.0,1.0,2020,1,OR,beneficial,ACE,CCB,ACE,CCBd,3.0,3.0,15.3,15.3,1172,1171,5.3,5.3,151.6,151.6,89.8,90.1,129.3,130.1,76.1,76.8,0.0,0.8,0.0,0.7000000000000001,17.0,25.0,2.0,4.0,,,11.0,16.0,16.0,22.0,16.0,22.0,,,,,209.0,215.0,1172,1171,1172,1171,1.0,1.0,1.0,1.0,,,1.0,1.0,1.0,1.0,,,,
51,36,ARB,CCBd,-0.5373437555,0.3522904052,13.0,1175,22.0,1171,0,0,HOMED-BP,36,59.6,0.0,1.0,1.0,2020,1,OR,beneficial,ARB,CCB,ARB,CCBd,3.0,3.0,15.3,15.3,1175,1171,5.3,5.3,151.6,151.6,89.8,90.1,129.8,130.1,76.5,76.8,0.5,0.8,0.4,0.7000000000000001,16.0,25.0,2.0,4.0,,,9.0,16.0,13.0,22.0,13.0,22.0,,,,,200.0,215.0,1175,1171,1175,1171,1.0,1.0,1.0,1.0,,,1.0,1.0,1.0,1.0,,,,
52,37,ACE,placebo,-0.2810584953,0.057083248,651.0,4645,826.0,4652,0,0,HOPE,37,66.0,0.0,1.0,1.0,2020,1,OR,beneficial,Ramipril,Placebo,ACE,placebo,87.8,87.8,38.5,38.5,4645,4652,5.0,5.0,139.0,139.0,79.0,79.0,134.7,138.0,76.0,77.7,0.0,3.3,0.0,1.7000000000000002,482.0,569.0,282.0,377.0,459.0,570.0,156.0,226.0,651.0,826.0,651.0,826.0,141.0,160.0,,,1343.0,1268.0,4642,4649,4642,4649,0.0,0.0,1.0,1.0,1.0,1.0,1.0,1.0,1.0,1.0,1.0,1.0,,
53,38,ARB + TTD,placebo,-0.0748043641,0.0880861503,260.0,6356,279.0,6349,0,0,HOPE-3,38,65.7,0.0,0.0,0.0,2020,1,OR,beneficial,Candesartan and HCTZ,Placebo,ARB + TTD,placebo,0.0,0.0,5.8,5.8,6356,6349,5.6,5.6,138.2,137.9,82.0,81.8,128.2,133.9,76.3,79.1,0.0,6.0,0.0,3.0,342.0,349.0,155.0,170.0,52.0,62.0,75.0,94.0,260.0,279.0,260.0,279.0,21.0,29.0,32.0,20.0,1552.0,1598.0,6291,6301,6291,6301,0.0,0.0,0.0,0.0,0.0,0.0,0.0,0.0,0.0,0.0,0.0,0.0,1.0,1.0
54,39,AB,placebo,,,,1053,,1031,0,0,HYCAT,39,65.7,,,0.0,2020,1,OR,beneficial,Terazosin,Placebo,AB,placebo,,,,,1053,1031,1.0,1.0,134.7,134.9,80.7,81.2,129.2,134.0,76.8,79.9,0.0,4.8,0.0,3.1,,,,,1.0,10.0,,,,,,,,,,,168.0,114.0,918,894,918,894,,,,,2.0,2.0,,,,,,,,
55,40,TTD,ACE,,,,426,,431,0,0,HYVET pilot,40,83.8,0.0,0.0,0.0,2020,1,OR,beneficial,Diuretic (bendro),ACE,TTD,ACE,3.0,3.0,,,426,431,1.1,1.1,181.5,181.9,99.6,99.6,152.0,151.0,84.0,84.0,1.0,0.0,0.0,0.0,30.0,27.0,23.0,22.0,,,6.0,12.0,,,,,,,,,13.0,17.0,416,424,416,424,0.0,0.0,0.0,0.0,,,0.0,0.0,,,,,,
56,40,TTD,placebo,,,,426,,426,0,0,HYVET pilot,40,83.8,0.0,0.0,0.0,2020,1,OR,beneficial,Diuretic (bendro),No treatment,TTD,placebo,3.0,3.0,,,426,426,1.1,1.1,181.5,181.0,99.6,99.5,152.0,174.0,84.0,95.0,1.0,23.0,0.0,11.0,30.0,22.0,23.0,19.0,,,6.0,18.0,,,,,,,,,13.0,,416,416,416,416,0.0,0.0,0.0,0.0,,,0.0,0.0,,,,,,
57,40,ACE,placebo,,,,431,,426,0,0,HYVET pilot,40,83.8,0.0,0.0,0.0,2020,1,OR,beneficial,ACE,No treatment,ACE,placebo,3.0,3.0,,,431,426,1.1,1.1,181.9,181.0,99.6,99.5,151.0,174.0,84.0,95.0,0.0,23.0,0.0,11.0,27.0,22.0,22.0,19.0,,,12.0,18.0,,,,,,,,,17.0,,424,416,424,416,0.0,0.0,0.0,0.0,,,0.0,0.0,,,,,,
58,41,CCBd,TTD + PSD,,,,3157,,3164,0,0,INSIGHT,41,65.0,0.0,0.0,0.0,2020,1,OR,beneficial,Nifedipine,Co-amilozide,CCBd,TTD + PSD,6.3,6.3,20.6,20.6,3157,3164,3.0,3.0,172.6,172.5,98.8,98.7,143.0,141.4,82.5,82.5,1.6,0.0,0.0,0.0,153.0,152.0,60.0,52.0,77.0,61.0,67.0,74.0,,,200.0,182.0,26.0,12.0,8.0,13.0,997.0,778.0,3091,3081,3091,3081,0.0,0.0,0.0,0.0,0.0,0.0,0.0,0.0,0.0,0.0,0.0,0.0,0.0,0.0
59,42,CCBd,placebo,,,,214,,211,0,0,INTACT,42,52.4,0.0,1.0,0.0,2020,1,OR,beneficial,Nifedipine,Placebo,CCBd,placebo,100.0,100.0,,,214,211,3.0,3.0,133.6,133.6,82.9,82.7,137.2,137.0,85.3,84.6,0.2,0.0,0.7000000000000001,0.0,12.0,2.0,8.0,2.0,16.0,9.0,,,,,35.0,24.0,0.0,1.0,,,80.0,63.0,214,211,214,211,1.0,1.0,1.0,1.0,1.0,1.0,,,1.0,1.0,1.0,1.0,,
60,43,CCBn,BB,,,,11267,,11309,0,0,INVEST,43,66.1,0.0,0.0,0.0,2020,1,OR,beneficial,Verapamil,Atenolol,CCBn,BB,100.0,100.0,28.3,28.3,11267,11309,2.7,2.7,150.8,150.9,87.2,87.1,132.1,131.9,77.2,76.9,0.2,0.0,0.30000000000000004,0.0,873.0,893.0,431.0,431.0,151.0,153.0,131.0,148.0,,,1119.0,1150.0,189.0,173.0,,,2084.0,2545.0,10967,11041,10967,11041,0.0,0.0,1.0,1.0,0.0,0.0,0.0,0.0,0.0,0.0,0.0,0.0,,
61,44,BB,placebo,-0.0751828342,0.1191172587,143.0,3185,153.0,3172,0,0,IPPPSH,44,52.2,0.0,0.0,0.0,2020,1,OR,beneficial,Oxprenolol,Placebo,BB,placebo,0.0,0.0,,,3185,3172,4.0,4.0,173.1,172.8,107.9,107.6,143.6,147.4,88.9,90.1,0.0,3.8,0.0,1.2,108.0,114.0,49.0,64.0,98.0,107.0,45.0,46.0,143.0,153.0,143.0,153.0,54.0,51.0,15.0,23.0,771.0,883.0,3165,3155,3165,3155,0.0,0.0,0.0,0.0,0.0,0.0,0.0,0.0,0.0,0.0,1.0,1.0,1.0,1.0
62,45,ARB,placebo,,,,389,,201,0,0,IRMA 2,45,58.0,1.0,0.0,0.0,2020,1,OR,beneficial,Irbesartan,Placebo,ARB,placebo,7.6,7.6,100.0,100.0,389,201,2.0,2.0,153.0,153.0,90.5,90.0,142.0,144.0,83.0,83.0,0.0,2.0,0.0,0.0,3.0,1.0,,,,,,,,,,,,,,,39.0,25.0,386,201,386,201,0.0,0.0,,,,,,,,,,,,
63,46,CCBd,ACE,,,,828,,822,0,0,JMIC-B,46,64.5,0.0,1.0,0.0,2020,1,OR,beneficial,Nifedipine,ACE,CCBd,ACE,100.0,100.0,22.5,22.5,828,822,3.0,3.0,147.0,145.0,82.0,82.0,136.0,138.0,77.0,79.0,0.0,2.0,0.0,2.0,12.0,15.0,6.0,6.0,16.0,13.0,16.0,16.0,,,116.0,106.0,12.0,9.0,,,87.0,118.0,781,769,781,769,1.0,1.0,1.0,1.0,1.0,1.0,1.0,1.0,1.0,1.0,1.0,1.0,,
64,47,BB,placebo,,,,276,,272,0,0,Laupacis 2002,47,68.9,0.0,1.0,0.0,2020,1,OR,beneficial,propranolol,placebo,BB,placebo,17.0,17.0,6.2,6.2,276,272,2.5,2.5,147.0,144.0,83.0,82.0,138.0,140.0,78.0,80.0,0.0,2.0,0.0,2.0,33.0,26.0,18.0,14.0,3.0,6.0,4.0,1.0,,,,,3.0,0.0,,,117.0,73.0,273,269,262,259,1.0,1.0,1.0,1.0,1.0,1.0,1.0,1.0,,,1.0,1.0,,
65,48,ACE,placebo,,,,207,,202,0,0,Lewis 1993,48,34.5,1.0,0.0,0.0,2020,1,OR,beneficial,Captopril,Placebo,ACE,placebo,,,100.0,100.0,207,202,2.7,2.7,137.0,140.0,85.0,86.0,131.0,132.5,79.5,82.0,0.0,1.5,0.0,2.5,8.0,14.0,,,,,,,,,,,,,25.0,43.0,41.0,27.0,205,200,178,169,0.0,0.0,,,,,,,,,,,0.0,0.0
66,49,ARB,BB,-0.17020613780000002,0.06452336980000001,508.0,4605,588.0,4588,0,0,LIFE,49,66.9,0.0,0.0,0.0,2020,1,OR,beneficial,Losartan,Atenolol,ARB,BB,16.0,16.0,13.0,13.0,4605,4588,4.8,4.8,174.3,174.5,97.9,97.7,144.1,145.4,81.3,80.9,0.0,1.3,0.4,0.0,383.0,431.0,204.0,234.0,198.0,188.0,232.0,309.0,508.0,588.0,508.0,588.0,153.0,161.0,,,1043.0,1243.0,4601,4580,4544,4530,0.0,0.0,0.0,0.0,0.0,0.0,0.0,0.0,0.0,0.0,0.0,0.0,,
67,50,BB,placebo,,,,480,,487,0,0,MACB,50,64.0,0.0,1.0,1.0,2020,1,OR,beneficial,Metoprolol,Placebo,BB,placebo,100.0,100.0,12.0,12.0,480,487,2.0,2.0,120.0,120.0,70.0,70.0,,,,,,,,,23.0,13.0,18.0,8.0,9.0,4.0,10.0,10.0,,,42.0,39.0,6.0,5.0,,,165.0,212.0,480,487,480,487,1.0,1.0,1.0,1.0,1.0,1.0,1.0,1.0,1.0,1.0,1.0,1.0,,
68,51,CCBd,TTD,,,,442,,441,0,0,MIDAS,51,58.5,0.0,1.0,,2020,1,OR,beneficial,Isradipine,HCTZ,CCBd,TTD,2.0,2.0,,,442,441,3.0,3.0,150.6,148.9,96.7,96.2,134.6,129.4,,,5.2,0.0,,,8.0,9.0,,,6.0,5.0,6.0,3.0,,,25.0,14.0,2.0,0.0,,,88.0,79.0,442,441,442,441,1.0,1.0,,,1.0,1.0,1.0,1.0,1.0,1.0,1.0,1.0,,
69,52,ARB,CCBd,,,,681,,671,0,0,MOSES,52,67.9,0.0,,0.0,2020,1,OR,beneficial,Eprosartan,Nitrendipine,ARB,CCBd,26.0,26.0,37.0,37.0,681,671,2.5,2.5,150.7,152.0,87.0,87.2,137.1,135.5,80.8,80.1,1.6,0.0,0.7000000000000001,0.0,57.0,52.0,,,39.0,48.0,80.0,89.0,,,,,30.0,46.0,,,,,680,669,666,657,1.0,1.0,,,1.0,1.0,1.0,1.0,,,1.0,1.0,,
70,53,BB,TTD + PSD,,,,1102,,1081,0,0,MRC elderly,53,70.3,0.0,1.0,0.0,2020,1,OR,beneficial,Atenolol,Thiazide and amiloride,BB,TTD + PSD,16.5,16.5,,,1102,1081,5.8,5.8,184.5,184.5,91.0,91.0,,,,,,,,,167.0,134.0,95.0,66.0,80.0,48.0,56.0,45.0,,,151.0,107.0,,,,,407.0,248.0,1102,1081,827,811,0.0,0.0,1.0,1.0,1.0,1.0,1.0,1.0,1.0,1.0,,,,
71,53,BB,placebo,,,,1102,,2213,0,0,MRC elderly,53,70.3,0.0,1.0,0.0,2020,1,OR,beneficial,Atenolol,Placebo,BB,placebo,16.5,16.5,,,1102,2213,5.8,5.8,184.5,184.5,91.0,90.5,,,,,,,,,167.0,315.0,95.0,180.0,80.0,159.0,56.0,134.0,,,151.0,309.0,,,,,407.0,445.0,1102,2213,827,1660,0.0,0.0,1.0,1.0,1.0,1.0,1.0,1.0,1.0,1.0,,,,
72,53,TTD + PSD,placebo,,,,1081,,2213,0,0,MRC elderly,53,70.3,0.0,1.0,0.0,2020,1,OR,beneficial,Thiazide and amiloride,Placebo,TTD + PSD,placebo,16.5,16.5,,,1081,2213,5.8,5.8,184.5,184.5,91.0,90.5,,,,,,,,,134.0,315.0,66.0,180.0,48.0,159.0,45.0,134.0,,,107.0,309.0,,,,,248.0,445.0,1081,2213,811,1660,0.0,0.0,1.0,1.0,1.0,1.0,1.0,1.0,1.0,1.0,,,,
73,54,TTD,BB,,,,4297,,4403,0,0,MRC young,54,52.0,0.0,1.0,0.0,2020,1,OR,beneficial,Bendrofluazide,Propranolol,TTD,BB,1.4,1.4,,,4297,4403,5.5,5.5,161.5,161.5,98.5,98.5,137.8,141.5,86.9,88.1,0.0,3.7,0.0,1.2,128.0,120.0,69.0,65.0,119.0,103.0,18.0,42.0,,,140.0,146.0,,,,,806.0,913.0,4297,4403,3481,3566,0.0,0.0,1.0,1.0,1.0,1.0,1.0,1.0,1.0,1.0,,,,
74,54,TTD,placebo,,,,4297,,8654,0,0,MRC young,54,52.0,0.0,1.0,0.0,2020,1,OR,beneficial,Bendrofluazide,Placebo,TTD,placebo,1.4,1.4,,,4297,8654,5.5,5.5,161.5,161.3,98.5,98.0,137.8,150.0,86.9,93.0,0.0,13.2,0.0,6.1,128.0,253.0,69.0,139.0,119.0,234.0,18.0,109.0,,,140.0,352.0,,,,,806.0,1123.0,4297,8654,3481,7010,0.0,0.0,1.0,1.0,1.0,1.0,1.0,1.0,1.0,1.0,,,,
75,54,BB,placebo,,,,4403,,8654,0,0,MRC young,54,52.0,0.0,1.0,0.0,2020,1,OR,beneficial,Propranolol,Placebo,BB,placebo,1.4,1.4,,,4403,8654,5.5,5.5,161.5,161.3,98.5,98.0,141.5,150.0,88.1,93.0,3.7,13.2,1.2,6.1,120.0,253.0,65.0,139.0,103.0,234.0,42.0,109.0,,,146.0,352.0,,,,,913.0,1123.0,4403,8654,3566,7010,0.0,0.0,1.0,1.0,1.0,1.0,1.0,1.0,1.0,1.0,,,,
76,55,ARB,placebo,,,,4631,,4675,0,0,NAVIGATOR,55,63.8,0.0,1.0,0.0,2020,1,OR,beneficial,Valsartan,Placebo,ARB,placebo,11.7,11.7,0.0,0.0,4631,4675,6.4,6.4,139.4,139.9,82.5,82.6,133.1,136.1,78.1,79.6,0.0,3.0,0.0,1.5,295.0,327.0,128.0,116.0,138.0,140.0,105.0,132.0,,,375.0,377.0,91.0,94.0,,,556.0,531.0,4194,4207,4194,4207,1.0,1.0,1.0,1.0,1.0,1.0,1.0,1.0,1.0,1.0,1.0,1.0,,
77,56,CCBd,placebo,,,,408,,411,0,0,NICOLE,56,60.3,0.0,1.0,0.0,2020,1,OR,beneficial,Nisoldipine,Placebo,CCBd,placebo,100.0,100.0,10.3,10.3,408,411,3.0,3.0,,,,,,,,,,,,,12.0,14.0,,,16.0,13.0,4.0,7.0,,,,,,,,,126.0,120.0,408,411,408,411,1.0,1.0,,,1.0,1.0,1.0,1.0,,,,,,
78,57,CCBd,TTD,-0.08004270770000001,0.4703608362,9.0,204,10.0,210,0,0,NICS-EH,57,69.8,,1.0,0.0,2020,1,OR,beneficial,Nicardipin,Trichlormethiazide,CCBd,TTD,,,,,204,210,4.6,3.9,171.9,172.6,94.2,93.4,149.5,150.0,83.0,82.0,0.0,0.5,1.0,0.0,2.0,2.0,2.0,0.0,2.0,2.0,6.0,8.0,9.0,10.0,9.0,10.0,0.0,3.0,,,6.0,9.0,204,210,204,210,1.0,1.0,1.0,1.0,1.0,1.0,1.0,1.0,1.0,1.0,1.0,1.0,,
79,58,CCBn,BB + TTD,0.0201731183,0.07333696020000001,403.0,5410,400.0,5471,0,0,NORDIL,58,60.4,0.0,0.0,0.0,2020,1,OR,beneficial,Diltiazem,BB and diuretics,CCBn,BB + TTD,4.6,4.6,6.7,6.7,5410,5471,4.5,4.5,173.5,173.4,105.8,105.7,154.9,151.7,88.6,88.7,3.2,0.0,0.0,0.1,231.0,228.0,131.0,115.0,183.0,157.0,159.0,196.0,403.0,400.0,403.0,400.0,63.0,53.0,,,1244.0,383.0,5400,5461,5386,5443,0.0,0.0,0.0,0.0,0.0,0.0,0.0,0.0,0.0,0.0,0.0,0.0,,
80,59,ACE,ARB,0.014764619500000001,0.0440290667,1210.0,8576,1190.0,8542,0,0,ONTARGET,59,66.4,0.0,0.0,0.0,2020,1,OR,beneficial,Ramipril,Telmisartan,ACE,ARB,74.5,74.5,37.3,37.3,8576,8542,4.7,4.7,141.8,141.7,82.1,82.1,135.4,134.3,77.8,77.1,1.1,0.0,0.7000000000000001,0.0,1014.0,989.0,603.0,598.0,413.0,440.0,405.0,369.0,1210.0,1190.0,1210.0,1190.0,514.0,537.0,174.0,189.0,2029.0,1796.0,8562,8528,8562,8528,0.0,0.0,0.0,0.0,0.0,0.0,0.0,0.0,0.0,0.0,0.0,0.0,0.0,0.0
81,60,ARB,CCBd + ARB,,,,578,,586,0,0,OSCAR,60,73.6,0.0,0.0,0.0,2020,1,OR,beneficial,Olmesartan high dose,Olmesartan and CCB,ARB,CCBd + ARB,11.2,11.2,54.0,54.0,578,586,3.0,3.0,158.2,157.2,85.2,84.6,135.0,132.6,74.3,72.6,2.4,0.0,1.7000000000000002,0.0,,,,,,,24.0,15.0,,,49.0,37.0,12.0,8.0,2.0,1.0,72.0,57.0,547,558,536,548,,,,,,,0.0,0.0,0.0,0.0,0.0,0.0,0.0,0.0
82,61,ACE,placebo,,,,308,,309,0,0,PART-2,61,60.5,0.0,1.0,0.0,2020,1,OR,beneficial,Ramipril,Placebo,ACE,placebo,68.0,68.0,8.5,8.5,308,309,4.7,4.7,133.0,133.0,79.0,79.0,126.5,132.0,74.5,78.5,0.0,5.5,0.0,4.0,16.0,25.0,8.0,18.0,22.0,33.0,7.0,4.0,,,73.0,77.0,7.0,9.0,,,86.0,77.0,308,308,308,308,0.0,0.0,1.0,1.0,1.0,1.0,1.0,1.0,1.0,1.0,1.0,1.0,,
83,62,ACE,placebo,-0.07222041600000001,0.0737659645,396.0,4158,420.0,4132,0,0,PEACE,62,64.0,0.0,0.0,0.0,2020,1,OR,beneficial,Trandolapril,Placebo,ACE,placebo,100.0,100.0,17.0,17.0,4158,4132,4.8,4.8,134.0,133.0,78.0,78.0,129.6,131.6,74.4,75.6,0.0,2.0,0.0,1.2,299.0,334.0,146.0,152.0,222.0,220.0,71.0,92.0,396.0,420.0,396.0,420.0,115.0,152.0,,,599.0,269.0,4135,4110,4092,4064,0.0,0.0,0.0,0.0,0.0,0.0,0.0,0.0,0.0,0.0,0.0,0.0,,
84,63,ACE,placebo,,,,505,,503,0,0,PHARAO,63,62.2,0.0,,0.0,2020,1,OR,beneficial,Ramipril,Control,ACE,placebo,6.4,6.4,13.4,13.4,505,503,2.3,2.2,134.4,134.4,83.6,83.6,130.2,133.0,79.0,79.9,0.0,2.8,0.0,0.9,5.0,2.0,0.0,0.0,,,,,,,,,,,,,,,505,503,505,503,0.0,0.0,0.0,0.0,,,,,,,,,,
85,64,TTD,ACE,,,,253,,255,0,0,PHYLLIS,64,58.4,0.0,,0.0,2020,1,OR,beneficial,HCTZ,Fosinopril,TTD,ACE,,,,,253,255,2.6,2.6,160.3,159.3,98.3,98.3,,,,,0.0,0.0,0.0,0.0,0.0,1.0,0.0,1.0,3.0,1.0,0.0,1.0,,,,,,,,,,,253,255,253,255,1.0,1.0,1.0,1.0,1.0,1.0,1.0,1.0,,,,,,
86,65,CCBd + ACE,ARB,,,,1617,,1653,0,0,Poulter 2019,65,62.5,0.0,0.0,0.0,2020,1,OR,beneficial,Perindopril and amlodipine,Irbesartan,CCBd + ACE,ARB,,,13.7,13.7,1617,1653,0.75,0.75,163.7,163.5,91.4,91.3,141.7,141.0,81.3,81.7,0.7000000000000001,0.0,0.0,0.4,,,,,,,,,,,42.0,36.0,,,,,366.0,273.0,1605,1628,1605,1628,,,,,,,,,2.0,2.0,,,,
87,66,ACE,placebo,,,,431,,433,0,0,PREVEND IT,66,51.3,1.0,1.0,0.0,2020,1,OR,beneficial,Fosinopril,Placebo,ACE,placebo,0.7000000000000001,0.7000000000000001,2.6,2.6,431,433,3.8,3.8,129.0,131.0,76.0,76.0,125.8,131.4,74.2,77.0,0.0,5.6,0.0,2.8,13.0,12.0,5.0,3.0,12.0,11.0,1.0,10.0,,,17.0,28.0,0.0,2.0,,,125.0,106.0,431,433,431,433,1.0,1.0,1.0,1.0,1.0,1.0,1.0,1.0,1.0,1.0,1.0,1.0,,
88,67,CCBd,placebo,-0.2328899508,0.2904517113,23.0,417,28.0,408,0,0,PREVENT,67,56.9,0.0,,0.0,2020,1,OR,beneficial,Amlodipine,Placebo,CCBd,placebo,68.6,68.6,,,417,408,3.0,3.0,128.8,130.0,78.8,78.9,122.0,130.0,75.0,79.0,0.0,8.0,0.0,4.0,6.0,8.0,,,19.0,20.0,5.0,5.0,23.0,28.0,23.0,28.0,1.0,5.0,,,,,413,406,413,406,0.0,0.0,,,1.0,1.0,1.0,1.0,1.0,1.0,1.0,1.0,,
89,68,ARB,placebo,-0.0714746765,0.041574474300000004,1289.0,10146,1377.0,10186,0,0,PROFESS,68,66.2,0.0,0.0,0.0,2020,1,OR,beneficial,Telmisartan,Placebo,ARB,placebo,19.4,19.4,28.2,28.2,10146,10186,2.5,2.5,144.1,144.2,83.8,83.8,135.8,139.6,79.0,81.0,0.0,3.8,0.0,2.0,755.0,740.0,223.0,263.0,168.0,169.0,880.0,934.0,1289.0,1377.0,1289.0,1377.0,121.0,117.0,28.0,18.0,1450.0,1127.0,10095,10112,10095,10112,0.0,0.0,1.0,1.0,1.0,1.0,0.0,0.0,0.0,0.0,1.0,1.0,0.0,0.0
90,69,ACE,placebo,-0.0536013978,0.10262667780000001,227.0,1281,237.0,1280,0,0,PROGRESS single,69,65.0,0.0,,0.0,2020,1,OR,beneficial,Perindopril,Placebo,ACE,placebo,13.5,13.5,13.2,13.2,1281,1280,3.9,3.9,144.0,144.0,84.0,84.0,,,,,0.0,4.9,0.0,2.8,,,93.0,77.0,26.0,38.0,157.0,165.0,227.0,237.0,227.0,237.0,,,,,,,1281,1280,1281,1280,,,0.0,0.0,0.0,0.0,0.0,0.0,0.0,0.0,,,,
91,70,ACE + TLD,placebo,-0.5526172143,0.0917295187,231.0,1770,367.0,1774,0,0,PROGRESS combined,70,63.0,0.0,,0.0,2020,1,OR,beneficial,Perindopril + indapamide,double placebo,ACE + TLD,placebo,17.9,17.9,12.0,12.0,1770,1774,3.9,3.9,149.0,149.0,87.0,87.0,,,,,0.0,12.3,0.0,5.0,,,88.0,121.0,34.0,58.0,150.0,255.0,231.0,367.0,231.0,367.0,,,,,,,1770,1774,1770,1774,,,0.0,0.0,0.0,0.0,0.0,0.0,0.0,0.0,,,,
92,71,ACE,placebo,,,,878,,872,0,0,QUIET,71,58.0,0.0,0.0,0.0,2020,1,OR,beneficial,Quinapril,Placebo,ACE,placebo,100.0,100.0,15.1,15.1,878,872,2.25,2.25,123.0,123.0,74.0,74.0,,,,,,,,,27.0,27.0,13.0,14.0,36.0,40.0,,,,,48.0,54.0,,,,,246.0,218.0,876,870,876,870,0.0,0.0,0.0,0.0,0.0,0.0,,,0.0,0.0,,,,
93,72,ARB,placebo,,,,2232,,2215,0,0,ROADMAP,72,57.7,0.0,0.0,0.0,2020,1,OR,beneficial,Olmesartan,Placebo,ARB,placebo,24.8,24.8,100.0,100.0,2232,2215,3.2,3.2,137.0,136.0,81.0,80.0,125.7,128.7,74.3,76.2,0.0,3.0,0.0,1.9,26.0,15.0,15.0,3.0,26.0,32.0,12.0,9.0,,,78.0,74.0,,,23.0,23.0,506.0,519.0,2181,2158,2181,2158,0.0,0.0,0.0,0.0,1.0,1.0,1.0,1.0,0.0,0.0,,,0.0,0.0
94,73,ACE,placebo,,,,229,,231,0,0,SCAT,73,61.0,0.0,,0.0,2020,1,OR,beneficial,Enalapril,Placebo,ACE,placebo,70.4,70.4,11.0,11.0,229,231,4.0,4.0,128.0,132.0,77.0,78.0,122.0,130.0,74.0,77.0,0.0,8.0,0.0,3.0,8.0,11.0,4.0,7.0,8.0,13.0,2.0,9.0,,,16.0,30.0,,,,,,,229,231,229,231,1.0,1.0,1.0,1.0,1.0,1.0,1.0,1.0,1.0,1.0,,,,
95,74,ARB,placebo,-0.12147611330000001,0.0936333614,242.0,2477,268.0,2460,0,0,SCOPE,74,76.4,0.0,0.0,0.0,2020,1,OR,beneficial,Candesartan,Placebo,ARB,placebo,4.5,4.5,12.1,12.1,2477,2460,3.7,3.7,166.0,166.5,90.3,90.4,145.2,148.5,79.9,81.6,0.0,3.3,0.0,1.7000000000000002,259.0,266.0,145.0,152.0,70.0,63.0,89.0,115.0,242.0,268.0,242.0,268.0,,,,,372.0,418.0,2471,2458,2471,2458,0.0,0.0,0.0,0.0,0.0,0.0,0.0,0.0,0.0,0.0,,,,
96,75,TLD,CCBd,0.002283106,0.1818030219,65.0,940,65.0,942,0,0,SHELL,75,72.4,0.0,1.0,0.0,2020,1,OR,beneficial,Chlorthalidone,Lacidipine,TLD,CCBd,,,13.3,13.3,940,942,2.7,2.7,178.2,178.1,86.8,86.9,141.4,139.7,78.7,79.0,1.7000000000000002,0.0,0.0,0.30000000000000004,122.0,145.0,,,14.0,12.0,38.0,37.0,65.0,65.0,65.0,65.0,19.0,23.0,,,230.0,193.0,837,826,837,826,1.0,1.0,,,1.0,1.0,1.0,1.0,1.0,1.0,1.0,1.0,,
97,76,BB + TTD,ACE,0.059813652700000004,0.0748218155,460.0,2213,437.0,2205,0,0,STOP 2,76,76.0,0.0,0.0,0.0,2020,1,OR,beneficial,BB or diuretic,ACE,BB + TTD,ACE,8.0,8.0,10.9,10.9,2213,2205,5.0,5.0,194.0,194.0,98.0,98.0,163.7,165.1,84.0,84.4,0.0,1.4,0.30000000000000004,0.7000000000000001,369.0,380.0,221.0,226.0,154.0,139.0,237.0,215.0,460.0,437.0,460.0,437.0,177.0,149.0,,,834.0,853.0,2213,2205,2213,2205,0.0,0.0,0.0,0.0,0.0,0.0,0.0,0.0,0.0,0.0,0.0,0.0,,
98,76,BB + TTD,CCBd,0.0179777582,0.0744266324,460.0,2213,450.0,2196,0,0,STOP 2,76,76.0,0.0,0.0,0.0,2020,1,OR,beneficial,BB or diuretic,CCB,BB + TTD,CCBd,8.0,8.0,10.9,10.9,2213,2196,5.0,5.0,194.0,194.0,98.0,98.0,163.7,165.0,84.0,83.7,0.0,1.3,0.30000000000000004,0.0,369.0,362.0,221.0,212.0,154.0,179.0,237.0,207.0,460.0,450.0,460.0,450.0,177.0,186.0,,,834.0,742.0,2213,2196,2213,2196,0.0,0.0,0.0,0.0,0.0,0.0,0.0,0.0,0.0,0.0,0.0,0.0,,
99,76,ACE,CCBd,-0.0418358945,0.0751591664,437.0,2205,450.0,2196,0,0,STOP 2,76,76.0,0.0,0.0,0.0,2020,1,OR,beneficial,ACE,CCB,ACE,CCBd,8.0,8.0,10.9,10.9,2205,2196,5.0,5.0,194.0,194.0,98.0,98.0,165.1,165.0,84.4,83.7,1.4,1.3,0.7000000000000001,0.0,380.0,362.0,226.0,212.0,139.0,179.0,215.0,207.0,437.0,450.0,437.0,450.0,149.0,186.0,,,853.0,742.0,2205,2196,2205,2196,0.0,0.0,0.0,0.0,0.0,0.0,0.0,0.0,0.0,0.0,0.0,0.0,,
100,77,BB,placebo,-0.018671251700000002,0.1694740606,97.0,372,92.0,348,0,0,TEST,77,70.4,0.0,0.0,0.0,2020,1,OR,beneficial,Atenolol,Placebo,BB,placebo,15.7,15.7,12.5,12.5,372,348,2.6,2.6,161.0,161.0,88.0,89.0,157.0,161.0,85.0,89.0,0.0,4.0,0.0,4.0,51.0,60.0,34.0,39.0,29.0,36.0,81.0,75.0,97.0,92.0,97.0,92.0,,,,,63.0,35.0,372,348,372,348,0.0,0.0,0.0,0.0,1.0,1.0,1.0,1.0,0.0,0.0,,,,
101,78,BB,CCBd,,,,226,,232,0,0,TIBET,78,59.4,0.0,0.0,0.0,2020,1,OR,beneficial,Atenolol,Nifedipine,BB,CCBd,100.0,100.0,3.7,3.7,226,232,2.0,2.0,,,,,,,,,,,,,3.0,6.0,3.0,6.0,14.0,15.0,,,,,,,,,,,60.0,93.0,226,232,226,232,0.0,0.0,0.0,0.0,0.0,0.0,,,,,,,,
102,79,ARB,placebo,-0.1510285689,0.0752392431,384.0,2954,440.0,2972,0,0,TRANSCEND,79,66.9,0.0,0.0,0.0,2020,1,OR,beneficial,Telmisartan,Placebo,ARB,placebo,74.6,74.6,35.7,35.7,2954,2972,4.7,4.7,140.7,141.3,81.8,82.0,134.2,138.2,,,0.0,4.0,0.0,2.2,364.0,349.0,227.0,223.0,116.0,147.0,112.0,136.0,384.0,440.0,384.0,440.0,191.0,197.0,56.0,36.0,639.0,705.0,2944,2964,2944,2964,0.0,0.0,0.0,0.0,0.0,0.0,0.0,0.0,0.0,0.0,0.0,0.0,0.0,0.0
103,80,ARB,placebo,,,,391,,381,0,0,TROPHY,80,48.5,0.0,0.0,0.0,2020,1,OR,beneficial,Candesartan,Placebo,ARB,placebo,,,,,391,381,2.0,2.0,133.9,134.1,84.8,84.8,124.0,133.0,78.5,84.0,0.0,9.0,0.0,5.5,,,,,,,,,,,,,,,,,55.0,54.0,391,381,391,381,,,,,,,,,,,,,,
104,81,ACE,BB,,,,400,,358,0,0,UKPDS 39,81,56.2,0.0,1.0,0.0,2020,1,OR,beneficial,Captopril,Atenolol,ACE,BB,,,100.0,100.0,400,358,9.0,9.0,159.0,159.0,94.0,93.0,144.0,143.0,83.0,81.0,1.0,0.0,2.0,0.0,75.0,59.0,48.0,32.0,61.0,46.0,21.0,17.0,,,,,12.0,9.0,,,88.0,125.0,375,336,375,336,1.0,1.0,1.0,1.0,1.0,1.0,1.0,1.0,,,1.0,1.0,,
105,82,BB,TTD,,,,150,,154,0,0,USSR-CRC,82,45.5,0.0,,0.0,2020,1,OR,beneficial,BB,Diuretics,BB,TTD,,,,,150,154,4.0,4.0,166.6,170.3,105.2,106.5,152.4,152.7,98.8,98.7,0.0,0.30000000000000004,0.1,0.0,1.0,7.0,1.0,7.0,7.0,6.0,6.0,11.0,,,,,,,,,,,150,154,150,154,1.0,1.0,1.0,1.0,1.0,1.0,1.0,1.0,,,,,,
106,83,TTD,AB,,,,188,,186,0,0,VA-COOP T,83,59.0,0.0,0.0,0.0,2020,1,OR,beneficial,HCTZ,Prazosin,TTD,AB,,,,,188,186,0.2,0.2,152.0,152.0,99.0,99.0,138.0,140.0,89.0,88.0,2.0,4.0,4.0,3.0,,,,,,,,,,,,,,,,,9.0,27.0,188,186,188,186,,,,,,,,,,,,,,
107,83,TTD,ACE,,,,188,,188,0,0,VA-COOP T,83,59.0,0.0,0.0,0.0,2020,1,OR,beneficial,HCTZ,Captopril,TTD,ACE,,,,,188,188,0.2,0.2,152.0,152.0,99.0,99.0,138.0,143.0,89.0,89.0,2.0,7.0,4.0,4.0,,,,,,,,,,,,,,,,,9.0,16.0,188,188,188,188,,,,,,,,,,,,,,
108,83,TTD,BB,,,,188,,176,0,0,VA-COOP T,83,59.0,0.0,0.0,0.0,2020,1,OR,beneficial,HCTZ,Atenolol,TTD,BB,,,,,188,176,0.2,0.2,152.0,152.0,99.0,99.0,138.0,141.0,89.0,87.0,2.0,5.0,4.0,2.0,,,,,,,,,,,,,,,,,9.0,13.0,188,176,188,176,,,,,,,,,,,,,,
109,83,TTD,CAA,,,,188,,177,0,0,VA-COOP T,83,59.0,0.0,0.0,0.0,2020,1,OR,beneficial,HCTZ,Clonidine,TTD,CAA,,,,,188,177,0.2,0.2,152.0,152.0,99.0,99.0,138.0,136.0,89.0,87.0,2.0,0.0,4.0,2.0,,,,,,,,,,,,,,,,,9.0,9.0,188,177,188,177,,,,,,,,,,,,,,
110,83,TTD,CCBn,,,,188,,182,0,0,VA-COOP T,83,59.0,0.0,0.0,0.0,2020,1,OR,beneficial,HCTZ,Diltiazem,TTD,CCBn,,,,,188,182,0.2,0.2,152.0,152.0,99.0,99.0,138.0,139.0,89.0,85.0,2.0,3.0,4.0,0.0,,,,,,,,,,,,,,,,,9.0,12.0,188,182,188,182,,,,,,,,,,,,,,
111,83,TTD,placebo,,,,188,,186,0,0,VA-COOP T,83,59.0,0.0,0.0,0.0,2020,1,OR,beneficial,HCTZ,Placebo,TTD,placebo,,,,,188,186,0.2,0.2,152.0,152.0,99.0,99.0,138.0,149.0,89.0,94.0,2.0,13.0,4.0,9.0,,,,,,,,,,,,,,,,,9.0,21.0,188,186,188,186,,,,,,,,,,,,,,
112,83,BB,AB,,,,176,,186,0,0,VA-COOP T,83,59.0,0.0,0.0,0.0,2020,1,OR,beneficial,Atenolol,Prazosin,BB,AB,,,,,176,186,0.2,0.2,152.0,152.0,99.0,99.0,141.0,140.0,87.0,88.0,5.0,4.0,2.0,3.0,,,,,,,,,,,,,,,,,13.0,27.0,176,186,176,186,,,,,,,,,,,,,,
113,83,BB,ACE,,,,176,,188,0,0,VA-COOP T,83,59.0,0.0,0.0,0.0,2020,1,OR,beneficial,Atenolol,Captopril,BB,ACE,,,,,176,188,0.2,0.2,152.0,152.0,99.0,99.0,141.0,143.0,87.0,89.0,5.0,7.0,2.0,4.0,,,,,,,,,,,,,,,,,13.0,16.0,176,188,176,188,,,,,,,,,,,,,,
114,83,BB,CAA,,,,176,,177,0,0,VA-COOP T,83,59.0,0.0,0.0,0.0,2020,1,OR,beneficial,Atenolol,Clonidine,BB,CAA,,,,,176,177,0.2,0.2,152.0,152.0,99.0,99.0,141.0,136.0,87.0,87.0,5.0,0.0,2.0,2.0,,,,,,,,,,,,,,,,,13.0,9.0,176,177,176,177,,,,,,,,,,,,,,
115,83,BB,CCBn,,,,176,,182,0,0,VA-COOP T,83,59.0,0.0,0.0,0.0,2020,1,OR,beneficial,Atenolol,Diltiazem,BB,CCBn,,,,,176,182,0.2,0.2,152.0,152.0,99.0,99.0,141.0,139.0,87.0,85.0,5.0,3.0,2.0,0.0,,,,,,,,,,,,,,,,,13.0,12.0,176,182,176,182,,,,,,,,,,,,,,
116,83,BB,placebo,,,,176,,186,0,0,VA-COOP T,83,59.0,0.0,0.0,0.0,2020,1,OR,beneficial,Atenolol,Placebo,BB,placebo,,,,,176,186,0.2,0.2,152.0,152.0,99.0,99.0,141.0,149.0,87.0,94.0,5.0,13.0,2.0,9.0,,,,,,,,,,,,,,,,,13.0,21.0,176,186,176,186,,,,,,,,,,,,,,
117,83,ACE,AB,,,,188,,186,0,0,VA-COOP T,83,59.0,0.0,0.0,0.0,2020,1,OR,beneficial,Captopril,Prazosin,ACE,AB,,,,,188,186,0.2,0.2,152.0,152.0,99.0,99.0,143.0,140.0,89.0,88.0,7.0,4.0,4.0,3.0,,,,,,,,,,,,,,,,,16.0,27.0,188,186,188,186,,,,,,,,,,,,,,
118,83,ACE,CAA,,,,188,,177,0,0,VA-COOP T,83,59.0,0.0,0.0,0.0,2020,1,OR,beneficial,Captopril,Clonidine,ACE,CAA,,,,,188,177,0.2,0.2,152.0,152.0,99.0,99.0,143.0,136.0,89.0,87.0,7.0,0.0,4.0,2.0,,,,,,,,,,,,,,,,,16.0,9.0,188,177,188,177,,,,,,,,,,,,,,
119,83,ACE,CCBn,,,,188,,182,0,0,VA-COOP T,83,59.0,0.0,0.0,0.0,2020,1,OR,beneficial,Captopril,Diltiazem,ACE,CCBn,,,,,188,182,0.2,0.2,152.0,152.0,99.0,99.0,143.0,139.0,89.0,85.0,7.0,3.0,4.0,0.0,,,,,,,,,,,,,,,,,16.0,12.0,188,182,188,182,,,,,,,,,,,,,,
120,83,ACE,placebo,,,,188,,186,0,0,VA-COOP T,83,59.0,0.0,0.0,0.0,2020,1,OR,beneficial,Captopril,Placebo,ACE,placebo,,,,,188,186,0.2,0.2,152.0,152.0,99.0,99.0,143.0,149.0,89.0,94.0,7.0,13.0,4.0,9.0,,,,,,,,,,,,,,,,,16.0,21.0,188,186,188,186,,,,,,,,,,,,,,
121,83,CAA,AB,,,,177,,186,0,0,VA-COOP T,83,59.0,0.0,0.0,0.0,2020,1,OR,beneficial,Clonidine,Prazosin,CAA,AB,,,,,177,186,0.2,0.2,152.0,152.0,99.0,99.0,136.0,140.0,87.0,88.0,0.0,4.0,2.0,3.0,,,,,,,,,,,,,,,,,9.0,27.0,177,186,177,186,,,,,,,,,,,,,,
122,83,CAA,CCBn,,,,177,,182,0,0,VA-COOP T,83,59.0,0.0,0.0,0.0,2020,1,OR,beneficial,Clonidine,Diltiazem,CAA,CCBn,,,,,177,182,0.2,0.2,152.0,152.0,99.0,99.0,136.0,139.0,87.0,85.0,0.0,3.0,2.0,0.0,,,,,,,,,,,,,,,,,9.0,12.0,177,182,177,182,,,,,,,,,,,,,,
123,83,CAA,placebo,,,,177,,186,0,0,VA-COOP T,83,59.0,0.0,0.0,0.0,2020,1,OR,beneficial,Clonidine,Placebo,CAA,placebo,,,,,177,186,0.2,0.2,152.0,152.0,99.0,99.0,136.0,149.0,87.0,94.0,0.0,13.0,2.0,9.0,,,,,,,,,,,,,,,,,9.0,21.0,177,186,177,186,,,,,,,,,,,,,,
124,83,CCBn,AB,,,,182,,186,0,0,VA-COOP T,83,59.0,0.0,0.0,0.0,2020,1,OR,beneficial,Diltiazem,Prazosin,CCBn,AB,,,,,182,186,0.2,0.2,152.0,152.0,99.0,99.0,139.0,140.0,85.0,88.0,3.0,4.0,0.0,3.0,,,,,,,,,,,,,,,,,12.0,27.0,182,186,182,186,,,,,,,,,,,,,,
125,83,CCBn,placebo,,,,182,,186,0,0,VA-COOP T,83,59.0,0.0,0.0,0.0,2020,1,OR,beneficial,Diltiazem,Placebo,CCBn,placebo,,,,,182,186,0.2,0.2,152.0,152.0,99.0,99.0,139.0,149.0,85.0,94.0,3.0,13.0,0.0,9.0,,,,,,,,,,,,,,,,,12.0,21.0,182,186,182,186,,,,,,,,,,,,,,
126,83,AB,placebo,,,,186,,186,0,0,VA-COOP T,83,59.0,0.0,0.0,0.0,2020,1,OR,beneficial,Prazosin,Placebo,AB,placebo,,,,,186,186,0.2,0.2,152.0,152.0,99.0,99.0,140.0,149.0,88.0,94.0,4.0,13.0,3.0,9.0,,,,,,,,,,,,,,,,,27.0,21.0,186,186,186,186,,,,,,,,,,,,,,
127,84,TTD,AB,,,,107,,102,0,0,VA-COOP M,84,59.0,0.0,0.0,0.0,2020,1,OR,beneficial,HCTZ,Prazosin,TTD,AB,,,,,107,102,1.0,1.0,152.0,152.0,99.0,99.0,138.0,140.0,89.0,88.0,2.0,4.0,4.0,3.0,,,,,,,,,,,,,,,,,17.0,25.0,107,102,107,102,,,,,,,,,,,,,,
128,84,TTD,ACE,,,,107,,102,0,0,VA-COOP M,84,59.0,0.0,0.0,0.0,2020,1,OR,beneficial,HCTZ,Captopril,TTD,ACE,,,,,107,102,1.0,1.0,152.0,152.0,99.0,99.0,138.0,143.0,89.0,89.0,2.0,7.0,4.0,4.0,,,,,,,,,,,,,,,,,17.0,16.0,107,102,107,102,,,,,,,,,,,,,,
129,84,TTD,BB,,,,107,,112,0,0,VA-COOP M,84,59.0,0.0,0.0,0.0,2020,1,OR,beneficial,HCTZ,Atenolol,TTD,BB,,,,,107,112,1.0,1.0,152.0,152.0,99.0,99.0,138.0,141.0,89.0,87.0,2.0,5.0,4.0,2.0,,,,,,,,,,,,,,,,,17.0,13.0,107,112,107,112,,,,,,,,,,,,,,
130,84,TTD,CAA,,,,107,,113,0,0,VA-COOP M,84,59.0,0.0,0.0,0.0,2020,1,OR,beneficial,HCTZ,Clonidine,TTD,CAA,,,,,107,113,1.0,1.0,152.0,152.0,99.0,99.0,138.0,136.0,89.0,87.0,2.0,0.0,4.0,2.0,,,,,,,,,,,,,,,,,17.0,23.0,107,113,107,113,,,,,,,,,,,,,,
131,84,TTD,CCBn,,,,107,,132,0,0,VA-COOP M,84,59.0,0.0,0.0,0.0,2020,1,OR,beneficial,HCTZ,Diltiazem,TTD,CCBn,,,,,107,132,1.0,1.0,152.0,152.0,99.0,99.0,138.0,139.0,89.0,85.0,2.0,3.0,4.0,0.0,,,,,,,,,,,,,,,,,17.0,26.0,107,132,107,132,,,,,,,,,,,,,,
132,84,TTD,placebo,,,,107,,60,0,0,VA-COOP M,84,59.0,0.0,0.0,0.0,2020,1,OR,beneficial,HCTZ,Placebo,TTD,placebo,,,,,107,60,1.0,1.0,152.0,152.0,99.0,99.0,138.0,149.0,89.0,94.0,2.0,13.0,4.0,9.0,,,,,,,,,,,,,,,,,17.0,11.0,107,60,107,60,,,,,,,,,,,,,,
133,84,BB,AB,,,,112,,102,0,0,VA-COOP M,84,59.0,0.0,0.0,0.0,2020,1,OR,beneficial,Atenolol,Prazosin,BB,AB,,,,,112,102,1.0,1.0,152.0,152.0,99.0,99.0,141.0,140.0,87.0,88.0,5.0,4.0,2.0,3.0,,,,,,,,,,,,,,,,,13.0,25.0,112,102,112,102,,,,,,,,,,,,,,
134,84,BB,ACE,,,,112,,102,0,0,VA-COOP M,84,59.0,0.0,0.0,0.0,2020,1,OR,beneficial,Atenolol,Captopril,BB,ACE,,,,,112,102,1.0,1.0,152.0,152.0,99.0,99.0,141.0,143.0,87.0,89.0,5.0,7.0,2.0,4.0,,,,,,,,,,,,,,,,,13.0,16.0,112,102,112,102,,,,,,,,,,,,,,
135,84,BB,CAA,,,,112,,113,0,0,VA-COOP M,84,59.0,0.0,0.0,0.0,2020,1,OR,beneficial,Atenolol,Clonidine,BB,CAA,,,,,112,113,1.0,1.0,152.0,152.0,99.0,99.0,141.0,136.0,87.0,87.0,5.0,0.0,2.0,2.0,,,,,,,,,,,,,,,,,13.0,23.0,112,113,112,113,,,,,,,,,,,,,,
136,84,BB,CCBn,,,,112,,132,0,0,VA-COOP M,84,59.0,0.0,0.0,0.0,2020,1,OR,beneficial,Atenolol,Diltiazem,BB,CCBn,,,,,112,132,1.0,1.0,152.0,152.0,99.0,99.0,141.0,139.0,87.0,85.0,5.0,3.0,2.0,0.0,,,,,,,,,,,,,,,,,13.0,26.0,112,132,112,132,,,,,,,,,,,,,,
137,84,BB,placebo,,,,112,,60,0,0,VA-COOP M,84,59.0,0.0,0.0,0.0,2020,1,OR,beneficial,Atenolol,Placebo,BB,placebo,,,,,112,60,1.0,1.0,152.0,152.0,99.0,99.0,141.0,149.0,87.0,94.0,5.0,13.0,2.0,9.0,,,,,,,,,,,,,,,,,13.0,11.0,112,60,112,60,,,,,,,,,,,,,,
138,84,ACE,AB,,,,102,,102,0,0,VA-COOP M,84,59.0,0.0,0.0,0.0,2020,1,OR,beneficial,Captopril,Prazosin,ACE,AB,,,,,102,102,1.0,1.0,152.0,152.0,99.0,99.0,143.0,140.0,89.0,88.0,7.0,4.0,4.0,3.0,,,,,,,,,,,,,,,,,16.0,25.0,102,102,102,102,,,,,,,,,,,,,,
139,84,ACE,CAA,,,,102,,113,0,0,VA-COOP M,84,59.0,0.0,0.0,0.0,2020,1,OR,beneficial,Captopril,Clonidine,ACE,CAA,,,,,102,113,1.0,1.0,152.0,152.0,99.0,99.0,143.0,136.0,89.0,87.0,7.0,0.0,4.0,2.0,,,,,,,,,,,,,,,,,16.0,23.0,102,113,102,113,,,,,,,,,,,,,,
140,84,ACE,CCBn,,,,102,,132,0,0,VA-COOP M,84,59.0,0.0,0.0,0.0,2020,1,OR,beneficial,Captopril,Diltiazem,ACE,CCBn,,,,,102,132,1.0,1.0,152.0,152.0,99.0,99.0,143.0,139.0,89.0,85.0,7.0,3.0,4.0,0.0,,,,,,,,,,,,,,,,,16.0,26.0,102,132,102,132,,,,,,,,,,,,,,
141,84,ACE,placebo,,,,102,,60,0,0,VA-COOP M,84,59.0,0.0,0.0,0.0,2020,1,OR,beneficial,Captopril,Placebo,ACE,placebo,,,,,102,60,1.0,1.0,152.0,152.0,99.0,99.0,143.0,149.0,89.0,94.0,7.0,13.0,4.0,9.0,,,,,,,,,,,,,,,,,16.0,11.0,102,60,102,60,,,,,,,,,,,,,,
142,84,CAA,AB,,,,113,,102,0,0,VA-COOP M,84,59.0,0.0,0.0,0.0,2020,1,OR,beneficial,Clonidine,Prazosin,CAA,AB,,,,,113,102,1.0,1.0,152.0,152.0,99.0,99.0,136.0,140.0,87.0,88.0,0.0,4.0,2.0,3.0,,,,,,,,,,,,,,,,,23.0,25.0,113,102,113,102,,,,,,,,,,,,,,
143,84,CAA,CCBn,,,,113,,132,0,0,VA-COOP M,84,59.0,0.0,0.0,0.0,2020,1,OR,beneficial,Clonidine,Diltiazem,CAA,CCBn,,,,,113,132,1.0,1.0,152.0,152.0,99.0,99.0,136.0,139.0,87.0,85.0,0.0,3.0,2.0,0.0,,,,,,,,,,,,,,,,,23.0,26.0,113,132,113,132,,,,,,,,,,,,,,
144,84,CAA,placebo,,,,113,,60,0,0,VA-COOP M,84,59.0,0.0,0.0,0.0,2020,1,OR,beneficial,Clonidine,Placebo,CAA,placebo,,,,,113,60,1.0,1.0,152.0,152.0,99.0,99.0,136.0,149.0,87.0,94.0,0.0,13.0,2.0,9.0,,,,,,,,,,,,,,,,,23.0,11.0,113,60,113,60,,,,,,,,,,,,,,
145,84,CCBn,AB,,,,132,,102,0,0,VA-COOP M,84,59.0,0.0,0.0,0.0,2020,1,OR,beneficial,Diltiazem,Prazosin,CCBn,AB,,,,,132,102,1.0,1.0,152.0,152.0,99.0,99.0,139.0,140.0,85.0,88.0,3.0,4.0,0.0,3.0,,,,,,,,,,,,,,,,,26.0,25.0,132,102,132,102,,,,,,,,,,,,,,
146,84,CCBn,placebo,,,,132,,60,0,0,VA-COOP M,84,59.0,0.0,0.0,0.0,2020,1,OR,beneficial,Diltiazem,Placebo,CCBn,placebo,,,,,132,60,1.0,1.0,152.0,152.0,99.0,99.0,139.0,149.0,85.0,94.0,3.0,13.0,0.0,9.0,,,,,,,,,,,,,,,,,26.0,11.0,132,60,132,60,,,,,,,,,,,,,,
147,84,AB,placebo,,,,102,,60,0,0,VA-COOP M,84,59.0,0.0,0.0,0.0,2020,1,OR,beneficial,Prazosin,Placebo,AB,placebo,,,,,102,60,1.0,1.0,152.0,152.0,99.0,99.0,140.0,149.0,88.0,94.0,4.0,13.0,3.0,9.0,,,,,,,,,,,,,,,,,25.0,11.0,102,60,102,60,,,,,,,,,,,,,,
148,85,ARB,CCBd,,,,7649,,7596,0,0,VALUE,85,67.3,0.0,0.0,0.0,2020,1,OR,beneficial,Valsartan,Amlodipine,ARB,CCBd,45.8,45.8,31.6,31.6,7649,7596,4.2,4.2,154.5,154.8,87.4,87.6,141.5,139.4,80.9,79.4,2.1,0.0,1.5,0.0,841.0,818.0,,,369.0,313.0,322.0,281.0,,,810.0,789.0,354.0,400.0,,,2013.0,1905.0,7572,7512,7572,7512,0.0,0.0,,,0.0,0.0,0.0,0.0,0.0,0.0,0.0,0.0,,
149,86,CCBn,TLD,-0.1192146751,0.48885007010000003,8.0,707,9.0,707,0,0,VHAS,86,54.2,0.0,0.0,0.0,2020,1,OR,beneficial,Verapamil,Chlorthalidone,CCBn,TLD,5.0,5.0,3.6,3.6,707,707,2.0,2.0,169.1,168.8,102.2,102.3,141.5,140.2,85.2,85.7,1.3,0.0,0.0,0.5,5.0,4.0,5.0,4.0,5.0,5.0,3.0,4.0,8.0,9.0,8.0,9.0,2.0,0.0,,,153.0,162.0,707,707,707,707,0.0,0.0,0.0,0.0,0.0,0.0,0.0,0.0,0.0,0.0,0.0,0.0,,
